name,category,parent,synonyms,finding_type,finding_cluster,oifm_id
lung_abnormality,lung,,,,,OIFM_MSFT_737122
pulmonary_lesion,lung,lung_abnormality,,,,
airspace_opacity,lung,lung_abnormality,,observation,,
lung_postsurgical_change,lung,,,,,
pulmonary_nodule,lung,pulmonary_lesion,"Pulm nodule, lung nodule",observation,,OIFM_CDE_000195
pulmonary_hamartoma,lung,pulmonary_neoplasm,Hamartoma,diagnosis,,
calcified_granuloma,lung,pulmonary_granuloma,,diagnosis,,OIFM_MGB_314652
pulmonary_cyst,lung,pulmonary_lesion,,observation,,
consolidation,lung,airspace_opacity,"Airspace consolidation,Consolidative opacity",observation,,
air_trapping,lung,lung_abnormality,,observation,,
pulmonary_scarring,lung,lung_abnormality,"Apical scarring, Biapical scarring, Scarring,Parenchymal scarring",observation,,
honeycombing,lung,lung_abnormality,,observation,,
interlobular_septal_thickening,lung,lung_abnormality,,observation,,
intraparenchymal_lymph_node,lung,lung_abnormality,Intrapulmonary lymph node,observation,,OIFM_MGB_892782
emphysema,lung,lung_abnormality,Emphysematous changes,observation,,OIFM_OIDM_002082
tree_in_bud_opacity,lung,lung_abnormality,"Tree-in-bud pattern,Tree-in-bud nodules,Tree-in-bud nodularity,Tree-in-bud appearance",observation,,
reticular_opacity,lung,lung_abnormality,"Reticulation, Reticular pattern, Subpleural reticular opacity",observation,,
usual_interstitial_pneumonia,lung,pulmonary_fibrosis,UIP,diagnosis,,
radiation_fibrosis,lung,pulmonary_fibrosis,,diagnosis,,
wedge_resection,lung,pulmonary_resection,,observation,,OIFM_MGB_893730
lobectomy,lung,pulmonary_resection,,observation,,OIFM_MGB_340276
airway_abnormality,airway,,,,,OIFM_OIDM_449436
tracheal_abnormality,airway,airway_abnormality,,,,
bronchial_abnormality,airway,airway_abnormality,,,,
airway_anatomic_variant,airway,,,,,
tracheal_calcification,airway,tracheal_abnormality,,observation,,OIFM_OIDM_861352
tracheal_deviation,airway,tracheal_abnormality,,observation,,
tracheal_dilation,airway,tracheal_abnormality,Tracheomegaly,observation,,
tracheal_diverticulum,airway,tracheal_abnormality,Paratracheal diverticulum,observation,,OIFM_OIDM_554402
tracheal_secretions,airway,tracheal_abnormality,Tracheal mucus,observation,,
tracheal_stenosis,airway,tracheal_abnormality,,observation,,OIFM_OIDM_620490
tracheal_thickening,airway,tracheal_abnormality,Tracheal wall thickening,observation,,
tracheal_lesion,airway,tracheal_abnormality,Tracheal mass,,,
saber_sheath_trachea,airway,tracheal_abnormality,,observation,,OIFM_MGB_078804
tracheomalacia,airway,expiratory_central_airway_collapse,Tracheobronchomalacia,diagnosis,,OIFM_GMTS_022616
bronchial_secretions,airway,bronchial_abnormality,,observation,,
bronchial_stenosis,airway,bronchial_abnormality,,observation,,
bronchial_wall_thickening,airway,bronchial_abnormality,bronchial thickening,observation,,OIFM_OIDM_961282
bronchial_occlusion,airway,bronchial_abnormality,,observation,,OIFM_OIDM_131660
mucus_plugging,airway,bronchial_abnormality,"Mucoid impaction,Mucous plugging,Mucous plug",observation,,
endobronchial_lesion,airway,bronchial_abnormality,Endobronchial mass,observation,,
bronchiectasis,airway,bronchial_abnormality,,observation,,OIFM_GMTS_013943
bronchiolectasis,airway,bronchiectasis,,observation,,OIFM_MGB_178167
traction_bronchiectasis,airway,bronchiectasis,,observation,,
bronchial_atresia,airway,bronchial_abnormality,,diagnosis,,
bronchogenic_cyst,mediastinum,mediastinal_cyst,,diagnosis,,
tracheal_bronchus,airway,airway_anatomic_variant,,observation,,
pleural_abnormality,pleura,,,,,OIFM_MSFT_213340
pleural_effusion,pleura,pleural_abnormality,"Hydrothorax, Pleural fluid",observation,,OIFM_CDE_000254
pleural_thickening,pleura,pleural_abnormality,,observation,,OIFM_GMTS_015999
pleural_lesion,pleura,pleural_abnormality,"Pleural mass, Pleural-based mass",,,
pneumothorax,pleura,pleural_abnormality,PTX,,,OIFM_GMTS_023339
extrapleural_fat_deposition,pleura,pleural_abnormality,,observation,,
pleural_anatomic_variant,pleura,,,,,
azygos_fissure,pleura,pleural_anatomic_variant,Azygous fissure,observation,,OIFM_OIDM_149725
cardiac_abnormality,cardiac,,,,,OIFM_MSFT_247688
cardiac_chamber_enlargement,cardiac,cardiac_abnormality,,observation,,
cardiac_postsurgical_change,cardiac,,,,,
left_atrial_enlargement,cardiac,cardiac_chamber_enlargement,"LA enlargement, dilated left atrium",observation,,OIFM_GMTS_003695
right_atrial_enlargement,cardiac,cardiac_chamber_enlargement,RA enlargement,observation,,OIFM_GMTS_013602
left_ventricular_enlargement,cardiac,cardiac_chamber_enlargement,LV enlargement,observation,,OIFM_GMTS_013685
right_ventricular_enlargement,cardiac,cardiac_chamber_enlargement,RV enlargement,observation,,OIFM_OIDM_197053
left_ventricular_hypertrophy,cardiac,cardiac_abnormality,"LV hypertrophy,LVH",observation,,
left_ventricular_aneurysm,cardiac,cardiac_abnormality,LV aneurysm,observation,,
cardiac_thrombus,cardiac,cardiac_lesion,,observation,,
coronary_artery_calcification,cardiac,cardiac_calcification,"Coronary calcification, coronary arterial calcification",observation,,
papillary_muscle_calcification,cardiac,cardiac_calcification,ventricular papillary muscle calcification,observation,,
valvular_calcification,cardiac,cardiac_calcification,,observation,,
annular_calcification,cardiac,cardiac_calcification,,observation,,
right_heart_strain,cardiac,cardiac_abnormality,,diagnosis,,OIFM_MGB_068942
subendocardial_fatty_metaplasia,cardiac,cardiac_abnormality,,diagnosis,,
lipomatous_atrial_septal_hypertrophy,cardiac,cardiac_abnormality,LASH,diagnosis,,
papillary_fibroelastoma,cardiac,cardiac_lesion,Fibroelastoma,diagnosis,,
coronary_artery_bypass_graft,cardiac,cardiac_postsurgical_change,CABG,observation,,
cardiac_transplant,cardiac,cardiac_postsurgical_change,"Orthotopic heart transplant, Heart transplant",observation,,
cardiac_anatomic_variant,cardiac,,,,,
atrial_septal_defect,cardiac,cardiac_abnormality,ASD,diagnosis,,
ventricular_septal_defect,cardiac,cardiac_abnormality,VSD,diagnosis,,OIFM_GMTS_013463
cardiac_lesion,cardiac,cardiac_abnormality,"Cardiac mass,Intracardiac mass",,,
cardiac_calcification,cardiac,cardiac_abnormality,,observation,,OIFM_GMTS_022533
cardiomegaly,cardiac,cardiac_abnormality,"Enlarged cardiac silhouette,Enlarged heart",observation,,OIFM_GMTS_022537
interventricular_septal_bowing,cardiac,cardiac_abnormality,"Septal flattening,Flattening of the interventricular septum",observation,,
myocardial_infarct,cardiac,cardiac_abnormality,"MI,Myocardial infarction",diagnosis,,
subendocardial_hypoattenuation,cardiac,cardiac_abnormality,,observation,,
myocardial_thinning,cardiac,cardiac_abnormality,,observation,,
cardiac_myxoma,cardiac,cardiac_lesion,,diagnosis,,
cardiac_metastasis,cardiac,cardiac_lesion,,diagnosis,,
patent_foramen_ovale,cardiac,cardiac_anatomic_variant,PFO,observation,,
bicuspid_aortic_valve,cardiac,cardiac_anatomic_variant,,observation,,
surgical_repair_of_congenital_heart_disease,cardiac,cardiac_postsurgical_change,,observation,,
replaced_cardiac_valve,cardiac,cardiac_postsurgical_change,,observation,,OIFM_MGB_064245
aortic_valve_replacement,cardiac,replaced_cardiac_valve,aortic valve replacement prosthesis,observation,,OIFM_MGB_611597
mitral_valve_replacement,cardiac,replaced_cardiac_valve,,observation,,OIFM_OIDM_188608
pulmonary_valve_replacement,cardiac,replaced_cardiac_valve,,observation,,
tricuspid_valve_replacement,cardiac,replaced_cardiac_valve,,observation,,
pericardial_abnormality,pericardium,,,,,
pericardial_effusion,pericardium,pericardial_abnormality,Pericardial fluid,observation,,OIFM_GMTS_003706
pericardial_thickening,pericardium,pericardial_abnormality,,observation,,
pericardial_calcification,pericardium,pericardial_abnormality,,observation,,OIFM_GMTS_013823
pericardial_lesion,pericardium,pericardial_abnormality,Pericardial mass,,,
pericardial_cyst,pericardium,pericardial_lesion,,diagnosis,,OIFM_OIDM_660228
mediastinal_abnormality,mediastinum,,,,,OIFM_OIDM_645628
mediastinal_lesion,mediastinum,mediastinal_abnormality,,,,
mediastinal_cyst,mediastinum,mediastinal_lesion,mediastinal cystic lesion,,,
mediastinal_fat_stranding,mediastinum,mediastinal_abnormality,,observation,,OIFM_MGB_013279
mediastinal_fluid_collection,mediastinum,mediastinal_abnormality,mediastinal fluid,observation,,OIFM_MGB_324313
pneumomediastinum,mediastinum,mediastinal_abnormality,,observation,,OIFM_GMTS_023340
mediastinal_calcification,mediastinum,mediastinal_abnormality,,observation,,
mediastinal_hematoma,mediastinum,mediastinal_abnormality,,observation,,
residual_thymus,mediastinum,mediastinal_anatomic_variant,"thymic remnant, residual thymic tissue",observation,,
diaphragmatic_abnormality,diaphragm,,,,,OIFM_OIDM_705569
diaphragmatic_hernia,diaphragm,diaphragmatic_abnormality,,,,OIFM_GMTS_022456
bochdalek_hernia,diaphragm,diaphragmatic_hernia,,diagnosis,,
morgagni_hernia,diaphragm,diaphragmatic_hernia,Anterior diaphragmatic hernia,diagnosis,,
hiatal_hernia,diaphragm,diaphragmatic_hernia,Hiatus hernia,observation,,OIFM_OIDM_907498
thyroid_abnormality,thyroid,,,,,
thyroid_nodule,thyroid,thyroid_lesion,thyroid gland nodule,observation,,
thyroid_calcification,thyroid,thyroid_abnormality,,observation,,
thyromegaly,thyroid,thyroid_abnormality,"Thyroid enlargement, Goiter, enlarged thyroid gland",observation,,
thyroid_atrophy,thyroid,thyroid_abnormality,"Atrophic thyroid, atrophic thyroid gland, hypotrophic thyroid",observation,,
thyroid_postsurgical_change,thyroid,,,,,
thyroidectomy,thyroid,thyroid_postsurgical_change,"thyroidectomy surgical changes, thyroidectomy changes, postsurgical changes of thyroidectomy, postsurgical changes from thyroidectomy, postsurgical changes status post thyroidectomy, postsurgical change from thyroidectomy",observation,,OIFM_MGB_831139
breast_abnormality,breast,,,,,
breast_lesion,breast,breast_abnormality,"Breast mass, breast nodule",observation,,
breast_calcification,breast,breast_abnormality,calcifications within the breast,observation,,
breast_skin_thickening,breast,breast_abnormality,"breast cutaneous thickening, breast thickening",observation,,OIFM_MGB_868841
gynecomastia,breast,breast_abnormality,,observation,,OIFM_MGB_789280
breast_postsurgical_change,breast,,"breast post surgical changes, breast posttreatment change, breast postprocedural change",,,
mastectomy,breast,breast_postsurgical_change,"mastectomy with postsurgical changes, mastectomy surgical changes",observation,,OIFM_MGB_089921
hepatobiliary_abnormality,hepatobiliary,,,,,
liver_abnormality,hepatobiliary,hepatobiliary_abnormality,Hepatic abnormality,,,
hepatic_lesion,hepatobiliary,liver_abnormality,"Hepatic mass, Focal hepatic lesion, Liver lesion, Liver mass",,,OIFM_OIDM_160831
hepatic_steatosis,hepatobiliary,liver_abnormality,"Fatty liver, Fatty infiltration of the liver",observation,,
hepatic_vascular_abnormality,hepatobiliary,liver_abnormality,,,,
hepatic_anatomic_variant,hepatobiliary,hepatobiliary_anatomic_variant,,,,
hepatic_postsurgical_change,hepatobiliary,hepatobiliary_postsurgical_change,,,,
hepatic_neoplasm,hepatobiliary,hepatic_lesion,,,,
hepatocellular_carcinoma,hepatobiliary,hepatic_neoplasm,HCC,diagnosis,,
intrahepatic_cholangiocarcinoma,hepatobiliary,hepatic_neoplasm,cholangiocarcinoma,diagnosis,,
hepatic_metastasis,hepatobiliary,hepatic_neoplasm,,diagnosis,,
hepatocellular_adenoma,hepatobiliary,hepatic_neoplasm,,diagnosis,,
focal_nodular_hyperplasia,hepatobiliary,hepatic_lesion,FNH,diagnosis,,
hepatic_hemangioma,hepatobiliary,hepatic_vascular_abnormality,,diagnosis,,OIFM_MGB_397436
flash_filling_hemangioma,hepatobiliary,hepatic_hemangioma,,diagnosis,,
hepatic_lipoma,hepatobiliary,hepatic_neoplasm,,diagnosis,,
hepatic_abscess,hepatobiliary,hepatic_lesion,,diagnosis,,
hepatic_pseudoaneurysm,hepatobiliary,hepatic_lesion,,diagnosis,,
simple_hepatic_cyst,hepatobiliary,hepatic_lesion,Hepatic cyst,observation,,
hepatic_hypoattenuating_lesion,hepatobiliary,hepatic_lesion,"Hepatic hypodensity, hypodense hepatic lesion, hypoattenuating hepatic lesion",observation,,
regenerative_nodule,hepatobiliary,hepatic_lesion,,diagnosis,,
biliary_hamartoma,hepatobiliary,hepatic_lesion,von Meyenburg complex,diagnosis,,
hepatic_fatty_sparing,hepatobiliary,liver_abnormality,Focal fatty sparing,observation,,
hepatic_arteriovenous_malformation,hepatobiliary,hepatic_vascular_abnormality,Hepatic AVM,diagnosis,,
arterioportal_shunt,hepatobiliary,hepatic_vascular_abnormality,,diagnosis,,
portal_vein_thrombus,hepatobiliary,hepatic_vascular_abnormality,,observation,,
hepatic_vein_thrombus,hepatobiliary,hepatic_vascular_abnormality,,observation,,
portal_vein_dilation,hepatobiliary,hepatic_vascular_abnormality,Dilated portal vein,observation,,
cavernous_transformation_of_the_portal_vein,hepatobiliary,hepatic_vascular_abnormality,,diagnosis,,
umbilical_vein_recanalization,hepatobiliary,hepatic_vascular_abnormality,Recanalized periumbilical vein,observation,,
portal_venous_gas,hepatobiliary,hepatic_vascular_abnormality,,observation,,
intrahepatic_gas,hepatobiliary,liver_abnormality,,observation,,
cirrhotic_liver_morphology,hepatobiliary,liver_abnormality,"Cirrhotic morphology, Cirrhotic configuration, Cirrhotic appearance",observation,,
nodular_liver_contour,hepatobiliary,liver_abnormality,"nodular contour of the liver, nodular liver",observation,,
hepatomegaly,hepatobiliary,liver_abnormality,"Enlarged liver, hepatic enlargement",observation,,OIFM_GMTS_001845
hepatic_lobar_atrophy,hepatobiliary,liver_abnormality,,observation,,
hepatic_lobar_hypertrophy,hepatobiliary,liver_abnormality,,observation,,
heterogeneous_hepatic_attenuation,hepatobiliary,hepatic_attenuation_abnormality,,observation,,
increased_hepatic_attenuation,hepatobiliary,hepatic_attenuation_abnormality,"Hyperattenuating liver, Hyperdense liver",observation,,
hepatic_perfusion_defect,hepatobiliary,hepatic_perfusion_abnormality,,observation,,
transient_hepatic_attenuation_difference,hepatobiliary,hepatic_perfusion_abnormality,"THAD, Transient hepatic attenuation differences",observation,,
hepatic_subcapsular_enhancement,hepatobiliary,liver_abnormality,,observation,,
hepatic_capsular_enhancement,hepatobiliary,liver_abnormality,,observation,,
hepatic_capsular_retraction,hepatobiliary,liver_abnormality,Capsular retraction,observation,,
hepatic_calcified_granuloma,hepatobiliary,hepatic_lesion,,diagnosis,,
hepatic_parenchymal_calcification,hepatobiliary,liver_abnormality,,observation,,
perihepatic_fat_stranding,hepatobiliary,liver_abnormality,,observation,,
periportal_edema,hepatobiliary,liver_abnormality,,observation,,OIFM_GMTS_001731
fatty_attenuation_along_the_falciform_ligament,hepatobiliary,liver_abnormality,,observation,,
fatty_attenuation_along_the_gallbladder_fossa,hepatobiliary,liver_abnormality,,observation,,
hepatic_displacement,hepatobiliary,liver_abnormality,Displaced liver,observation,,
hepatic_laceration,hepatobiliary,liver_abnormality,"Fractured liver parenchyma,Hepatic fracture",observation,,
hepatic_subcapsular_hematoma,hepatobiliary,hepatic_hematoma,,observation,,
hepatic_intraparenchymal_hematoma,hepatobiliary,hepatic_hematoma,,observation,,
hepatic_subcapsular_fluid_collection,hepatobiliary,hepatic_fluid_collection,,observation,,
intrahepatic_fluid_collection,hepatobiliary,hepatic_fluid_collection,,observation,,
elongated_left_hepatic_lobe,hepatobiliary,hepatic_anatomic_variant,Beaver tail liver,observation,,
elongated_right_hepatic_lobe,hepatobiliary,hepatic_anatomic_variant,"Riedel lobe, Riedel's lobe",observation,,
hepatectomy,hepatobiliary,hepatic_postsurgical_change,,observation,,
hepatic_lobectomy,hepatobiliary,hepatic_postsurgical_change,,observation,,
hepatic_segmentectomy,hepatobiliary,hepatic_postsurgical_change,,observation,,
hepatic_ablation,hepatobiliary,hepatic_postsurgical_change,Hepatic ablation changes,observation,,
hepatic_embolization,hepatobiliary,hepatic_postsurgical_change,,observation,,
hepatic_transplant,hepatobiliary,hepatic_postsurgical_change,,observation,,
tips_stent,extrinsic,hardware,"Transjugular intrahepatic portosystemic shunt, TIPS",observation,,
gallbladder_abnormality,hepatobiliary,hepatobiliary_abnormality,,,,
gallbladder_anatomic_variant,hepatobiliary,hepatobiliary_anatomic_variant,,,,
gallbladder_postsurgical_change,hepatobiliary,hepatobiliary_postsurgical_change,,,,
bile_duct_abnormality,hepatobiliary,hepatobiliary_abnormality,Biliary ductal abnormality,,,
bile_duct_neoplasm,hepatobiliary,bile_duct_abnormality,,,,
extrahepatic_cholangiocarcinoma,hepatobiliary,bile_duct_neoplasm,,diagnosis,,
perihilar_cholangiocarcinoma,hepatobiliary,extrahepatic_cholangiocarcinoma,"Klatskin tumor, hilar cholangiocarcinoma",diagnosis,,
distal_cholangiocarcinoma,hepatobiliary,extrahepatic_cholangiocarcinoma,,diagnosis,,
ampullary_carcinoma,hepatobiliary,bile_duct_neoplasm,"ampullary adenocarcinoma, carcinoma of the ampulla of Vater",diagnosis,,
bile_duct_postsurgical_change,hepatobiliary,hepatobiliary_postsurgical_change,,,,
gallbladder_wall_thickening,hepatobiliary,gallbladder_wall_abnormality,,observation,,
gallbladder_mucosal_hyperenhancement,hepatobiliary,gallbladder_wall_abnormality,"gallbladder wall hyperenhancement, gallbladder wall enhancement, gallbladder wall hyperemia, hyperemia of the gallbladder, gallbladder mucosal hyperemia",observation,,
gallbladder_wall_hypoattenuation,hepatobiliary,gallbladder_wall_abnormality,,observation,,
gallbladder_wall_calcification,hepatobiliary,gallbladder_wall_abnormality,Porcelain gallbladder,observation,,
gallbladder_polyp,hepatobiliary,gallbladder_lesion,,observation,,
gallbladder_sludge,hepatobiliary,gallbladder_abnormality,,observation,,
gallbladder_subserosal_edema,hepatobiliary,gallbladder_wall_abnormality,,observation,,
gallbladder_hematoma,hepatobiliary,gallbladder_abnormality,,observation,,
gallbladder_hemorrhage,hepatobiliary,gallbladder_abnormality,,diagnosis,,
gallbladder_laceration,hepatobiliary,gallbladder_abnormality,,observation,,
gallbladder_lesion,hepatobiliary,gallbladder_abnormality,,,,
gallbladder_contraction,hepatobiliary,gallbladder_abnormality,Contracted gallbladder,observation,,
gallbladder_distension,hepatobiliary,gallbladder_abnormality,"Gallbladder distention, Distended gallbladder",observation,,
gallbladder_wall_discontinuity,hepatobiliary,gallbladder_wall_abnormality,"Gallbladder wall perforation, Discontinuity of the gallbladder wall",observation,,
gas_within_gallbladder_wall,hepatobiliary,gallbladder_wall_abnormality,,observation,,
fluid_collection_within_gallbladder_fossa,hepatobiliary,gallbladder_abnormality,,observation,,
pericholecystic_edema,hepatobiliary,gallbladder_abnormality,,observation,,
pericholecystic_fat_stranding,hepatobiliary,gallbladder_abnormality,,observation,,
cholelithiasis,hepatobiliary,gallbladder_abnormality,"Gallstones,Cholecystolithiasis,Gallstone",observation,,
gallstone_within_gallbladder_neck,hepatobiliary,cholelithiasis,,observation,,
adenomyomatosis,hepatobiliary,gallbladder_abnormality,,diagnosis,,
biloma,hepatobiliary,gallbladder_abnormality,,diagnosis,,
septate_gallbladder,hepatobiliary,gallbladder_anatomic_variant,,observation,,
folded_gallbladder_fundus,hepatobiliary,gallbladder_anatomic_variant,Phrygian cap,observation,,
cholecystectomy,hepatobiliary,gallbladder_postsurgical_change,surgically absent gallbladder,observation,,
cholecystectomy_clip,hepatobiliary,gallbladder_postsurgical_change,Cholecystectomy clips,observation,,
common_bile_duct_dilation,hepatobiliary,biliary_ductal_dilation,CBD dilation,observation,,
intrahepatic_biliary_ductal_dilation,hepatobiliary,biliary_ductal_dilation,,observation,,
biliary_stricture,hepatobiliary,bile_duct_abnormality,,observation,,
biliary_anastomotic_stricture,hepatobiliary,biliary_stricture,,observation,,
bile_duct_enhancement,hepatobiliary,bile_duct_abnormality,,observation,,
bile_duct_wall_thickening,hepatobiliary,bile_duct_abnormality,,observation,,
bile_duct_injury,hepatobiliary,bile_duct_abnormality,,observation,,
biliary_wall_calcification,hepatobiliary,bile_duct_abnormality,,observation,,
bile_duct_beading,hepatobiliary,bile_duct_abnormality,"Beaded bile ducts, Beaded appearance of the bile ducts",observation,,
periductal_edema,hepatobiliary,bile_duct_abnormality,,observation,,
pneumobilia,hepatobiliary,bile_duct_abnormality,Aerobilia,observation,,OIFM_OIDM_541862
biliary_enteric_fistula,hepatobiliary,bile_duct_abnormality,,diagnosis,,OIFM_GMTS_001486
gallstone_within_common_bile_duct,hepatobiliary,bile_duct_calculus,"Choledocholithiasis, CBD stone",observation,,
gallstone_within_cystic_duct,hepatobiliary,bile_duct_calculus,,observation,,
gallstone_within_intrahepatic_duct,hepatobiliary,bile_duct_calculus,Hepatolithiasis,observation,,
choledochal_cyst,hepatobiliary,bile_duct_abnormality,,diagnosis,,
periampullary_diverticulum,gastrointestinal_tract,small_bowel_abnormality,periampullary duodenal diverticulum,observation,,
soft_tissue_thickening_of_ampulla,hepatobiliary,bile_duct_abnormality,,observation,,
sphincterotomy,hepatobiliary,bile_duct_postsurgical_change,,observation,,
choledochoduodenostomy,hepatobiliary,bile_duct_postsurgical_change,,observation,,
choledochojejunostomy,hepatobiliary,bile_duct_postsurgical_change,,observation,,
hepaticojejunostomy,hepatobiliary,bile_duct_postsurgical_change,,observation,,
biliary_stent,extrinsic,hardware,,observation,,OIFM_OIDM_576191
lumen_apposing_metallic_stent,extrinsic,hardware,LAMS,observation,,
internal_biliary_catheter,extrinsic,biliary_drainage_catheter,,observation,,
percutaneous_biliary_catheter,extrinsic,biliary_drainage_catheter,PTC catheter,observation,,
percutaneous_cholecystostomy_catheter,extrinsic,support_apparatus,,observation,,
pancreatic_abnormality,pancreas,,,,,
pancreatic_postsurgical_change,pancreas,,,,,
pancreatic_lesion,pancreas,pancreatic_abnormality,Pancreatic mass,,,OIFM_OIDM_371547
pancreatic_neoplasm,pancreas,pancreatic_lesion,,,,
pancreatic_cystic_lesion,pancreas,pancreatic_lesion,,,,
pancreatic_ductal_abnormality,pancreas,pancreatic_abnormality,,,,
disconnected_pancreatic_duct_syndrome,pancreas,pancreatic_ductal_abnormality,DPDS,diagnosis,,
pancreatic_anatomic_variant,pancreas,,,,,
pancreatic_adenocarcinoma,pancreas,pancreatic_neoplasm,"PDAC,Pancreatic ductal adenocarcinoma",diagnosis,,
pancreatic_neuroendocrine_tumor,pancreas,pancreatic_neoplasm,PNET,diagnosis,,
mucinous_cystadenoma,pancreas,mucinous_cystic_neoplasm,,diagnosis,,
mucinous_cystadenocarcinoma,pancreas,mucinous_cystic_neoplasm,pancreatic mucinous cystadenocarcinoma,diagnosis,,
serous_cystadenoma,pancreas,pancreatic_neoplasm,,diagnosis,,
solid_pseudopapillary_neoplasm,pancreas,pancreatic_neoplasm,solid pseudopapillary tumor,diagnosis,,
intraductal_papillary_mucinous_neoplasm,pancreas,pancreatic_neoplasm,IPMN,diagnosis,,
main_duct_intraductal_papillary_mucinous_neoplasm,pancreas,intraductal_papillary_mucinous_neoplasm,"Main-duct IPMN,MD-IPMN",diagnosis,,
branch_duct_intraductal_papillary_mucinous_neoplasm,pancreas,intraductal_papillary_mucinous_neoplasm,"Branch-duct IPMN,Side branch IPMN,BD-IPMN",diagnosis,,
mixed_intraductal_papillary_mucinous_neoplasm,pancreas,intraductal_papillary_mucinous_neoplasm,"Mixed-type IPMN,Combined IPMN",diagnosis,,
pancreatic_lipoma,pancreas,pancreatic_neoplasm,,diagnosis,,
pancreatic_metastasis,pancreas,pancreatic_neoplasm,,diagnosis,,
pancreatic_simple_cyst,pancreas,pancreatic_cystic_lesion,,observation,,
pancreatic_pseudocyst,pancreas,pancreatic_cystic_lesion,,diagnosis,,
hyperenhancing_pancreatic_lesion,pancreas,pancreatic_lesion,,observation,,
pancreatic_hypoattenuating_lesion,pancreas,pancreatic_lesion,Pancreatic hypodensity,observation,,
focal_cystic_dilatation_of_accessory_pancreatic_duct,pancreas,pancreatic_cystic_lesion,Santorinicele,observation,,
pancreatic_ductal_dilation,pancreas,pancreatic_ductal_abnormality,"pancreatic duct dilatation, dilated pancreatic duct, main pancreatic duct dilatation, main pancreatic duct dilation",observation,,
accessory_pancreatic_ductal_dilation,pancreas,pancreatic_ductal_abnormality,,observation,,
discontinuity_of_the_pancreatic_duct,pancreas,pancreatic_ductal_abnormality,Disconnected pancreatic duct,observation,,
pancreatic_duct_contour_irregularity,pancreas,pancreatic_ductal_abnormality,Irregular contour of the pancreatic duct,observation,,
pancreatic_intraductal_filling_defect,pancreas,pancreatic_ductal_abnormality,,observation,,
pancreatic_ductal_calculus,pancreas,pancreatic_ductal_abnormality,"Pancreatic duct stone, pancreatolithiasis",observation,,
pancreatic_enlargement,pancreas,pancreatic_abnormality,,observation,,
pancreatic_hyperenhancement,pancreas,pancreatic_abnormality,,observation,,
pancreatic_hypoenhancement,pancreas,pancreatic_abnormality,,observation,,
pancreatic_edema,pancreas,pancreatic_abnormality,,observation,,
peripancreatic_edema,pancreas,pancreatic_abnormality,,observation,,
peripancreatic_fat_stranding,pancreas,pancreatic_abnormality,,observation,,
peripancreatic_fluid_collection,pancreas,pancreatic_abnormality,,observation,,
peripancreatic_abscess,pancreas,pancreatic_abnormality,,diagnosis,,
pancreatic_atrophy,pancreas,pancreatic_abnormality,"Pancreatic atrophy, Atrophic pancreas",observation,,
fatty_atrophy_of_pancreas,pancreas,pancreatic_atrophy,,observation,,
fatty_infiltration_of_pancreas,pancreas,pancreatic_abnormality,"pancreatic steatosis, pancreatic lipomatosis, fatty replacement of the pancreas, fatty pancreas",observation,,OIFM_GMTS_004354
heterogeneous_pancreatic_attenuation,pancreas,pancreatic_abnormality,,observation,,
homogeneous_pancreatic_attenuation,pancreas,pancreatic_abnormality,,observation,,
pancreatic_contour_irregularity,pancreas,pancreatic_abnormality,Irregular pancreatic contour,observation,,
pancreatic_parenchymal_calcification,pancreas,pancreatic_abnormality,,observation,,
pancreatic_pseudoaneurysm,pancreas,pancreatic_abnormality,,diagnosis,,
pancreatic_displacement,pancreas,pancreatic_abnormality,Displaced pancreas,observation,,
pancreatic_contusion,pancreas,pancreatic_abnormality,,observation,,
pancreatic_hematoma,pancreas,pancreatic_abnormality,,observation,,
pancreatic_hemorrhage,pancreas,pancreatic_abnormality,,diagnosis,,
pancreatic_laceration,pancreas,pancreatic_abnormality,,observation,,
pancreatic_transection,pancreas,pancreatic_abnormality,,observation,,
pancreatitis,pancreas,pancreatic_abnormality,,diagnosis,,
acute_pancreatitis,pancreas,pancreatitis,,diagnosis,,OIFM_GMTS_022466
necrotizing_pancreatitis,pancreas,acute_pancreatitis,,diagnosis,,
interstitial_edematous_pancreatitis,pancreas,acute_pancreatitis,,diagnosis,,
chronic_pancreatitis,pancreas,pancreatitis,,diagnosis,,
autoimmune_pancreatitis,pancreas,chronic_pancreatitis,AIP,diagnosis,,
groove_pancreatitis,pancreas,chronic_pancreatitis,Paraduodenal pancreatitis,diagnosis,,
acute_necrotic_collection,pancreas,pancreatic_abnormality,,observation,,
acute_peripancreatic_collection,pancreas,pancreatic_abnormality,,observation,,
walled_off_necrosis,pancreas,pancreatic_abnormality,WON,observation,,
pancreatic_necrosis,pancreas,pancreatic_abnormality,,diagnosis,,
pancreatic_fistula,pancreas,pancreatic_abnormality,,diagnosis,,
annular_pancreas,pancreas,pancreatic_anatomic_variant,,observation,,
pancreas_divisum,pancreas,pancreatic_anatomic_variant,,observation,,
ectopic_pancreas,pancreas,pancreatic_anatomic_variant,"Heterotopic pancreas,Pancreatic rest",observation,,
pancreatic_resection,pancreas,pancreatic_postsurgical_change,,observation,,
distal_pancreatectomy,pancreas,pancreatic_resection,,observation,,
pancreaticoduodenectomy,pancreas,pancreatic_resection,Whipple,observation,,
pancreaticojejunostomy,pancreas,pancreatic_postsurgical_change,Pancreaticojejunal anastomosis,observation,,
pancreatectomy_clip,pancreas,pancreatic_postsurgical_change,Pancreatectomy clips,observation,,
fluid_collection_within_pancreatectomy_bed,pancreas,pancreatic_postsurgical_change,,observation,,
cystogastrostomy,pancreas,pancreatic_postsurgical_change,,observation,,
pancreatic_transplant,pancreas,pancreatic_postsurgical_change,,observation,,
pancreatic_duct_stent,extrinsic,hardware,,observation,,
splenic_abnormality,spleen,,,,,
splenic_lesion,spleen,splenic_abnormality,"Splenic mass, Focal splenic lesion",,,
splenic_anatomic_variant,spleen,,,,,
splenic_postsurgical_change,spleen,,,,,
splenic_abscess,spleen,splenic_lesion,,diagnosis,,
splenic_hemangioma,spleen,splenic_neoplasm,,diagnosis,,
splenic_metastasis,spleen,splenic_neoplasm,,diagnosis,,
splenic_arteriovenous_malformation,spleen,splenic_lesion,Splenic AVM,diagnosis,,
splenic_pseudoaneurysm,spleen,splenic_lesion,,diagnosis,,
simple_splenic_cyst,spleen,splenic_cyst,,observation,,
complex_splenic_cyst,spleen,splenic_cyst,,observation,,
calcified_splenic_granuloma,spleen,splenic_granuloma,,diagnosis,,
splenic_infarct,spleen,splenic_abnormality,splenic infarction,diagnosis,,
wedge_shaped_splenic_hypoattenuation,spleen,splenic_abnormality,,observation,,
splenomegaly,spleen,splenic_abnormality,"enlarged spleen, splenic enlargement",observation,,OIFM_GMTS_003565
splenic_atrophy,spleen,splenic_abnormality,Atrophic spleen,observation,,
autosplenectomy,spleen,splenic_abnormality,,diagnosis,,
lobulated_splenic_contour,spleen,splenic_anatomic_variant,,observation,,
heterogeneous_splenic_attenuation,spleen,splenic_abnormality,,observation,,
homogeneous_splenic_attenuation,spleen,splenic_abnormality,,observation,,
splenic_displacement,spleen,splenic_abnormality,Displaced spleen,observation,,
splenosis,spleen,splenic_abnormality,,diagnosis,,
splenic_hematoma,spleen,splenic_abnormality,,observation,,
splenic_intraparenchymal_hematoma,spleen,splenic_hematoma,,observation,,
splenic_subcapsular_hematoma,spleen,splenic_hematoma,,observation,,
splenic_hemorrhage,spleen,splenic_abnormality,,diagnosis,,
splenic_laceration,spleen,splenic_abnormality,,observation,,
splenic_rupture,spleen,splenic_abnormality,,observation,,
shattered_spleen,spleen,splenic_abnormality,,observation,,
splenic_fluid_collection,spleen,splenic_abnormality,,observation,,
polysplenia,spleen,splenic_anatomic_variant,,observation,,
splenule,spleen,splenic_anatomic_variant,"Accessory spleen, Accessory splenule, accessory splenic tissue",observation,,
splenic_cleft,spleen,splenic_anatomic_variant,Congenital splenic cleft,observation,,
congenital_asplenia,spleen,splenic_anatomic_variant,,diagnosis,,
splenectomy,spleen,splenic_postsurgical_change,Surgically absent spleen,observation,,
splenectomy_clip,spleen,splenic_postsurgical_change,Splenectomy clips,observation,,
splenic_artery_embolization,spleen,splenic_postsurgical_change,splenic embolization,observation,,
fluid_collection_within_splenectomy_bed,spleen,splenic_postsurgical_change,,observation,,
adrenal_abnormality,adrenal,,,,,
adrenal_postsurgical_change,adrenal,,,,,
adrenal_lesion,adrenal,adrenal_abnormality,Adrenal mass,,,
adrenal_adenoma,adrenal,adrenal_lesion,,diagnosis,,
adrenocortical_carcinoma,adrenal,adrenal_lesion,"Adrenal carcinoma, ACC",diagnosis,,
adrenal_metastasis,adrenal,adrenal_lesion,,diagnosis,,
adrenal_myelolipoma,adrenal,adrenal_lesion,,diagnosis,,
adrenal_ganglioneuroma,adrenal,adrenal_lesion,,diagnosis,,
adrenal_neuroblastoma,adrenal,adrenal_lesion,,diagnosis,,
pheochromocytoma,adrenal,adrenal_lesion,,diagnosis,,OIFM_GMTS_017466
adrenal_cyst,adrenal,adrenal_lesion,,observation,,
adrenal_nodule,adrenal,adrenal_lesion,,observation,,OIFM_CDE_000003
adrenal_atrophy,adrenal,adrenal_abnormality,,observation,,
adrenal_calcification,adrenal,adrenal_abnormality,,observation,,OIFM_GMTS_022449
adrenal_hyperplasia,adrenal,adrenal_abnormality,,diagnosis,,
adrenal_hyperenhancement,adrenal,adrenal_abnormality,,observation,,
adrenal_hematoma,adrenal,adrenal_abnormality,,observation,,
adrenal_laceration,adrenal,adrenal_abnormality,,observation,,
adrenal_hemorrhage,adrenal,adrenal_abnormality,,diagnosis,,
adrenal_displacement,adrenal,adrenal_abnormality,Displaced adrenal gland,observation,,
adrenal_thickening,adrenal,adrenal_abnormality,Adreniform thickening,observation,,
periadrenal_fat_stranding,adrenal,adrenal_abnormality,,observation,,
adrenalectomy,adrenal,adrenal_postsurgical_change,,observation,,
adrenal_enlargement,adrenal,adrenal_abnormality,,observation,,OIFM_GMTS_022561
urinary_abnormality,urinary,,Urinary tract abnormality,,,
renal_abnormality,urinary,urinary_abnormality,Kidney abnormality,,,
renal_lesion,urinary,renal_abnormality,Renal mass,,,
renal_calculus,urinary,renal_abnormality,"Nephrolithiasis, Renal stone, Kidney stone",observation,,
renal_anatomic_variant,urinary,urinary_anatomic_variant,,,,
renal_postsurgical_change,urinary,urinary_postsurgical_change,,,,
solid_renal_lesion,urinary,renal_lesion,Solid renal mass,observation,,
mixed_cystic_and_solid_renal_lesion,urinary,renal_lesion,Mixed cystic and solid renal mass,observation,,
simple_renal_cyst,urinary,renal_cyst,fluid attenuation renal cyst,observation,,
complex_renal_cyst,urinary,renal_cyst,,observation,,
hemorrhagic_renal_cyst,urinary,renal_cyst,,observation,,
proteinaceous_renal_cyst,urinary,renal_cyst,,observation,,
renal_abscess,urinary,renal_lesion,,diagnosis,,
renal_angiomyolipoma,urinary,renal_neoplasm,"AML, renal lipoma",diagnosis,,
renal_pseudoaneurysm,urinary,renal_lesion,,diagnosis,,
intermediate_attenuation_renal_lesion,urinary,renal_lesion,Intermediate density renal lesion,observation,,
hypoattenuating_renal_lesion,urinary,renal_lesion,Hypodense renal lesion,observation,,
staghorn_calculus,urinary,renal_calculus,,observation,,
jackstone_calculus,urinary,renal_calculus,,observation,,
hydronephrosis,urinary,renal_abnormality,,observation,,OIFM_OIDM_874812
hydroureteronephrosis,urinary,renal_abnormality,,observation,,
fullness_of_the_renal_pelvis,urinary,renal_abnormality,,observation,,
renal_parenchymal_calcification,urinary,renal_abnormality,,observation,,
cortical_nephrocalcinosis,urinary,renal_parenchymal_calcification,Calcifications of the renal cortex,observation,,OIFM_GMTS_020518
medullary_nephrocalcinosis,urinary,renal_parenchymal_calcification,Calcifications of the renal pyramids,observation,,OIFM_GMTS_020215
renal_atrophy,urinary,renal_abnormality,Atrophic kidney,observation,,
renal_hypertrophy,urinary,renal_abnormality,,observation,,
renal_enlargement,urinary,renal_abnormality,,observation,,
renal_cortical_thinning,urinary,renal_abnormality,,observation,,
renal_cortical_scarring,urinary,renal_abnormality,,observation,,
loss_of_corticomedullary_differentiation,urinary,renal_abnormality,"Loss of corticomedullary differentiation, Absent corticomedullary differentiation",observation,,
delayed_nephrogram,urinary,renal_abnormality,,observation,,
striated_nephrogram,urinary,renal_abnormality,,observation,,OIFM_GMTS_016443
renal_hypoenhancement,urinary,renal_abnormality,,observation,,
renal_nonenhancement,urinary,renal_abnormality,Renal non-enhancement,observation,,
heterogeneous_renal_enhancement,urinary,renal_abnormality,,observation,,
cortical_rim_sign,urinary,renal_abnormality,,observation,,
perinephric_edema,urinary,renal_abnormality,,observation,,
perinephric_fluid_collection,urinary,renal_abnormality,,observation,,
perinephric_hematoma,urinary,renal_abnormality,,observation,,OIFM_GMTS_016854
perinephric_hemorrhage,urinary,renal_abnormality,,diagnosis,,
perinephric_abscess,urinary,renal_abnormality,,diagnosis,,
renal_fluid_collection,urinary,renal_abnormality,,observation,,
urinoma,urinary,renal_abnormality,,diagnosis,,
renal_contusion,urinary,renal_abnormality,,observation,,
renal_laceration,urinary,renal_abnormality,,observation,,
renal_intraparenchymal_hematoma,urinary,renal_abnormality,Renal parenchymal hematoma,observation,,
renal_subcapsular_hematoma,urinary,renal_abnormality,,observation,,
shattered_kidney,urinary,renal_abnormality,,observation,,
ruptured_calyx,urinary,renal_abnormality,,observation,,
gas_within_renal_parenchyma,urinary,renal_abnormality,,observation,,
gas_within_renal_collecting_system,urinary,renal_abnormality,,observation,,
cystic_replacement_of_renal_parenchyma,urinary,renal_abnormality,,observation,,
renal_displacement,urinary,renal_abnormality,Displaced kidney,observation,,
renal_compression,urinary,renal_abnormality,,observation,,
lobulated_renal_contour,urinary,renal_abnormality,,observation,,
column_of_bertin,urinary,renal_anatomic_variant,,observation,,
renal_agenesis,urinary,renal_anatomic_variant,Congenital absence of kidney,diagnosis,,
crossed_fused_renal_ectopia,urinary,renal_anatomic_variant,,observation,,
dromedary_hump,urinary,renal_anatomic_variant,,observation,,
extrarenal_pelvis,urinary,renal_anatomic_variant,,observation,,
horseshoe_kidney,urinary,renal_anatomic_variant,,observation,,
malrotated_kidney,urinary,renal_anatomic_variant,,observation,,
medullary_sponge_kidney,urinary,renal_anatomic_variant,,diagnosis,,
multicystic_dysplastic_kidney,urinary,renal_anatomic_variant,MCDK,diagnosis,,
persistent_fetal_lobulation,urinary,renal_anatomic_variant,Fetal lobulation,observation,,
supernumerary_kidney,urinary,renal_anatomic_variant,,observation,,
nephrectomy,urinary,renal_postsurgical_change,,observation,,
nephrectomy_clip,urinary,renal_postsurgical_change,Nephrectomy clips,observation,,
partial_nephrectomy,urinary,nephrectomy,,observation,,
renal_ablation,urinary,renal_postsurgical_change,,observation,,
renal_embolization,urinary,renal_postsurgical_change,,observation,,
renal_peritransplant_fluid_collection,urinary,renal_postsurgical_change,,observation,,
renal_transplant,urinary,renal_postsurgical_change,"renal allograft, transplant kidney",observation,,
fluid_collection_in_nephrectomy_bed,urinary,renal_postsurgical_change,,observation,,
ureteral_abnormality,urinary,urinary_abnormality,,,,
ureteral_lesion,urinary,ureteral_abnormality,Ureteral mass,,,
ureteral_duplication,urinary,collecting_system_duplication,Duplicated ureter,observation,,
ureteral_fistula,urinary,ureteral_abnormality,,diagnosis,,
urinary_postsurgical_change,urinary,,,,,
urothelial_carcinoma_of_the_ureter,urinary,ureteral_neoplasm,Transitional cell carcinoma of the ureter,diagnosis,,
squamous_cell_carcinoma_of_the_ureter,urinary,ureteral_neoplasm,,diagnosis,,
ureteral_filling_defect,urinary,ureteral_abnormality,,observation,,
ureteral_calculus,urinary,ureteral_abnormality,"Ureterolithiasis, Ureteral stone",observation,,
hydroureter,urinary,ureteral_abnormality,"Ureterectasis, Dilated ureter",observation,,OIFM_GMTS_017573
megaureter,urinary,ureteral_abnormality,,observation,,
ureteral_narrowing,urinary,ureteral_abnormality,,observation,,
ureteral_stricture,urinary,ureteral_narrowing,,observation,,OIFM_GMTS_017201
ureteropelvic_junction_obstruction,urinary,ureteral_abnormality,UPJ obstruction,observation,,
ureterocele,urinary,ureteral_abnormality,,observation,,
ureteral_wall_thickening,urinary,ureteral_abnormality,Ureteral soft tissue thickening,observation,,
ureteral_diverticulum,urinary,ureteral_abnormality,,observation,,
incomplete_ureteral_duplication,urinary,ureteral_duplication,,observation,,
collecting_system_duplication,urinary,renal_anatomic_variant,"Duplex collecting system, duplicated collecting system",observation,,
incomplete_collecting_system_duplication,urinary,collecting_system_duplication,incomplete_duplicated_collecting_system,observation,,
ectopic_insertion_of_ureter,urinary,ureteral_anatomic_variant,,observation,,
retrocaval_ureter,urinary,ureteral_anatomic_variant,,observation,,
ureteral_tortuosity,urinary,ureteral_abnormality,Tortuous ureter,observation,,
ureteral_pseudodiverticulosis,urinary,ureteral_abnormality,,observation,,
ureteral_avulsion,urinary,ureteral_injury,,observation,,
ureteral_discontinuity,urinary,ureteral_injury,,observation,,
ureteral_laceration,urinary,ureteral_injury,,observation,,
ureteral_transection,urinary,ureteral_injury,,observation,,
urine_leak,urinary,urinary_abnormality,,observation,,
periureteral_edema,urinary,ureteral_abnormality,,observation,,
periureteral_fat_stranding,urinary,ureteral_abnormality,,observation,,
periureteral_fibrosis,urinary,ureteral_abnormality,,diagnosis,,
gas_within_ureter,urinary,ureteral_abnormality,,observation,,
ureteral_displacement,urinary,ureteral_abnormality,Displaced ureter,observation,,
ureterocolic_fistula,urinary,ureteral_fistula,,diagnosis,,
ureteroenteric_fistula,urinary,ureteral_fistula,,diagnosis,,
ureterovaginal_fistula,urinary,ureteral_fistula,,diagnosis,,
ureteral_anastomosis,urinary,urinary_postsurgical_change,,observation,,
ileal_conduit,urinary,urostomy,,observation,,
indiana_pouch,urinary,urinary_diversion,,observation,,
kock_pouch,urinary,urinary_diversion,,observation,,
urostomy,urinary,urinary_diversion,,observation,,
ureteral_stent,extrinsic,hardware,,observation,,
ureteral_stent_encrustation,extrinsic,ureteral_stent,Ureteral stent calcification,observation,,
bladder_abnormality,urinary,urinary_abnormality,,,,
bladder_lesion,urinary,bladder_abnormality,Bladder mass,,,
bladder_wall_abnormality,urinary,bladder_abnormality,,,,
bladder_fistula,urinary,bladder_abnormality,,diagnosis,,
bladder_postsurgical_change,urinary,urinary_postsurgical_change,,,,
bladder_anatomic_variant,urinary,urinary_anatomic_variant,,,,
adenocarcinoma_of_the_bladder,urinary,bladder_neoplasm,,diagnosis,,
squamous_cell_carcinoma_of_the_bladder,urinary,bladder_neoplasm,,diagnosis,,
urothelial_carcinoma_of_the_bladder,urinary,bladder_neoplasm,Transitional cell carcinoma of the bladder,diagnosis,,
bladder_calculus,urinary,bladder_abnormality,bladder stone,observation,,OIFM_GMTS_017328
bladder_filling_defect,urinary,bladder_abnormality,Filling defect within the bladder,observation,,OIFM_GMTS_017295
bladder_wall_calcification,urinary,bladder_wall_abnormality,,observation,,OIFM_GMTS_022580
bladder_wall_enhancement,urinary,bladder_wall_abnormality,,observation,,
bladder_wall_thickening,urinary,bladder_wall_abnormality,,observation,,
bladder_wall_trabeculation,urinary,bladder_wall_abnormality,"Trabeculated bladder wall, trabeculated bladder",observation,,
bladder_mucosal_hyperemia,urinary,bladder_wall_abnormality,,observation,,
gas_within_bladder_wall,urinary,bladder_wall_abnormality,,observation,,
bladder_diverticulum,urinary,bladder_abnormality,,observation,,OIFM_GMTS_017346
bladder_distension,urinary,bladder_abnormality,"Distended bladder, bladder distention",observation,,
bladder_underdistension,urinary,bladder_abnormality,"Underdistended bladder, decompressed bladder, nondistended bladder",observation,,
intraluminal_bladder_gas,urinary,bladder_abnormality,,observation,,
bladder_hyperattenuating_material,urinary,bladder_abnormality,,observation,,
bladder_contour_irregularity,urinary,bladder_abnormality,,observation,,
bladder_compression,urinary,bladder_abnormality,,observation,,
bladder_herniation,urinary,bladder_abnormality,,observation,,
perivesical_edema,urinary,bladder_abnormality,,observation,,
perivesical_fat_stranding,urinary,bladder_abnormality,fat stranding in the prevesical space,observation,,
extraperitoneal_bladder_rupture,urinary,bladder_rupture,,observation,,
intraperitoneal_bladder_rupture,urinary,bladder_rupture,,observation,,
bladder_exstrophy,urinary,bladder_abnormality,,observation,,
patent_urachus,urinary,bladder_anatomic_variant,,observation,,
urachal_cyst,urinary,bladder_anatomic_variant,,observation,,
urachal_diverticulum,urinary,bladder_anatomic_variant,,observation,,
cystectomy,urinary,bladder_postsurgical_change,,observation,,
bladder_augmentation,urinary,bladder_postsurgical_change,,observation,,
bladder_reconstruction,urinary,bladder_postsurgical_change,,observation,,
neobladder,urinary,urinary_diversion,,observation,,
fluid_collection_within_cystectomy_bed,urinary,bladder_postsurgical_change,,observation,,
post_radiation_change_of_the_bladder,urinary,bladder_abnormality,,observation,,
vesicocutaneous_fistula,urinary,bladder_fistula,,diagnosis,,
vesicoenteric_fistula,urinary,bladder_fistula,,diagnosis,,
vesicouterine_fistula,urinary,bladder_fistula,,diagnosis,,
vesicovaginal_fistula,urinary,bladder_fistula,,diagnosis,,
urinary_catheter,extrinsic,support_apparatus,Foley catheter,observation,,
suprapubic_catheter,extrinsic,support_apparatus,,observation,,
urethral_abnormality,urinary,urinary_abnormality,,,,
urethral_calculus,urinary,urethral_abnormality,,observation,,
urethral_diverticulum,urinary,urethral_abnormality,,observation,,
urethral_injury,urinary,urethral_abnormality,,observation,,
urethral_stricture,urinary,urethral_abnormality,,observation,,
prostate_brachytherapy_seed,extrinsic,hardware,prostate brachytherapy seeds,observation,,
prostate_fiducial_markers,extrinsic,hardware,,observation,,
gastrointestinal_tract_abnormality,gastrointestinal_tract,,"GI tract abnormality,GI abnormality",,,
esophageal_abnormality,gastrointestinal_tract,gastrointestinal_tract_abnormality,,,,
esophageal_postsurgical_change,gastrointestinal_tract,gastrointestinal_tract_postsurgical_change,,,,
esophageal_dilation,gastrointestinal_tract,esophageal_abnormality,Patulous esophagus,observation,,
esophageal_diverticulum,gastrointestinal_tract,esophageal_abnormality,,observation,,
esophageal_fluid,gastrointestinal_tract,esophageal_abnormality,,observation,,
esophageal_lesion,gastrointestinal_tract,esophageal_abnormality,Esophageal mass,,,
esophageal_stricture,gastrointestinal_tract,esophageal_abnormality,,observation,,
esophageal_varices,gastrointestinal_tract,esophageal_abnormality,,diagnosis,,OIFM_GMTS_000249
esophageal_wall_calcification,gastrointestinal_tract,esophageal_abnormality,,observation,,
esophageal_wall_thickening,gastrointestinal_tract,esophageal_abnormality,,observation,,OIFM_GMTS_000195
esophagectomy,gastrointestinal_tract,esophageal_postsurgical_change,Gastric pull-through,observation,,
gastric_abnormality,gastrointestinal_tract,gastrointestinal_tract_abnormality,Stomach abnormality,,,
gastric_wall_abnormality,gastrointestinal_tract,gastric_abnormality,,,,
gastric_lesion,gastrointestinal_tract,gastric_abnormality,Gastric mass,,,
gastric_anatomic_variant,gastrointestinal_tract,gastrointestinal_tract_anatomic_variant,,,,
gastric_postsurgical_change,gastrointestinal_tract,gastrointestinal_tract_postsurgical_change,,,,
gastric_fistula,gastrointestinal_tract,gastric_abnormality,,diagnosis,,
gastric_wall_thickening,gastrointestinal_tract,gastric_wall_abnormality,,observation,,
gastric_mucosal_thickening,gastrointestinal_tract,gastric_wall_abnormality,,observation,,
gastric_wall_calcification,gastrointestinal_tract,gastric_wall_abnormality,,observation,,
gastric_wall_hyperenhancement,gastrointestinal_tract,gastric_wall_abnormality,,observation,,
gastric_wall_hypoenhancement,gastrointestinal_tract,gastric_wall_abnormality,,observation,,
gastric_pneumatosis,gastrointestinal_tract,gastric_wall_abnormality,"Pneumatosis of gastric wall, Gas within gastric wall",observation,,
gastric_submucosal_edema,gastrointestinal_tract,gastric_wall_abnormality,,observation,,
gastric_submucosal_hemorrhage,gastrointestinal_tract,gastric_wall_abnormality,,observation,,
disruption_of_gastric_wall,gastrointestinal_tract,gastric_wall_abnormality,Gastric perforation,observation,,
loss_of_gastric_rugae,gastrointestinal_tract,gastric_wall_abnormality,,observation,,
gastric_fold_thickening,gastrointestinal_tract,gastric_wall_abnormality,Thickened gastric rugae,observation,,OIFM_GMTS_005101
gastric_polyp,gastrointestinal_tract,gastric_lesion,,observation,,
gastric_ulcer,gastrointestinal_tract,gastric_lesion,,observation,,
marginal_ulcer,gastrointestinal_tract,gastric_ulcer,,observation,,
gastric_pseudomass,gastrointestinal_tract,gastric_lesion,,observation,,
gastric_bezoar,gastrointestinal_tract,gastric_abnormality,,observation,,
gastric_outlet_obstruction,gastrointestinal_tract,gastric_abnormality,,observation,,OIFM_GMTS_000418
gastric_dilation,gastrointestinal_tract,gastric_abnormality,"Gastric distention, Dilated stomach",observation,,
gastric_underdistension,gastrointestinal_tract,gastric_abnormality,Underdistended stomach,observation,,
gastric_contusion,gastrointestinal_tract,gastric_abnormality,,observation,,
gastric_laceration,gastrointestinal_tract,gastric_abnormality,,observation,,
gastric_volvulus,gastrointestinal_tract,gastric_abnormality,,observation,,
intrathoracic_stomach,gastrointestinal_tract,gastric_abnormality,,observation,,
perigastric_edema,gastrointestinal_tract,gastric_abnormality,,observation,,
perigastric_fat_stranding,gastrointestinal_tract,gastric_abnormality,,observation,,
antral_web,gastrointestinal_tract,gastric_anatomic_variant,,observation,,
gastric_diverticulum,gastrointestinal_tract,gastric_anatomic_variant,,observation,,
mesenteroaxial_rotation_of_the_stomach,gastrointestinal_tract,gastric_anatomic_variant,,observation,,
organoaxial_rotation_of_the_stomach,gastrointestinal_tract,gastric_anatomic_variant,,observation,,
gastrectomy,gastrointestinal_tract,gastric_postsurgical_change,,observation,,
partial_gastrectomy,gastrointestinal_tract,gastrectomy,,observation,,
sleeve_gastrectomy,gastrointestinal_tract,gastrectomy,Gastric sleeve,observation,,
gastric_banding,gastrointestinal_tract,gastric_postsurgical_change,,observation,,
gastric_bypass,gastrointestinal_tract,gastric_postsurgical_change,,observation,,
gastric_pouch,gastrointestinal_tract,gastric_postsurgical_change,,observation,,
gastrojejunal_anastomosis,gastrointestinal_tract,gastric_postsurgical_change,,observation,,
roux_en_y,gastrointestinal_tract,gastric_postsurgical_change,Roux-en-Y anastomosis,observation,,
gastrocolic_fistula,gastrointestinal_tract,gastric_fistula,,diagnosis,,
gastrocutaneous_fistula,gastrointestinal_tract,gastric_fistula,,diagnosis,,
paraesophageal_hernia,diaphragm,hiatal_hernia,"paraesophageal hiatal hernia, hiatal paraesophageal hernia",observation,,
sliding_hiatal_hernia,diaphragm,hiatal_hernia,"sliding type hiatal hernia, sliding type hiatus hernia, sliding hiatus hernia",observation,,
mixed_hiatal_hernia,diaphragm,hiatal_hernia,"mixed type hiatal hernia, mixed type iii hiatal hernia, type iii hiatal hernia",observation,,
bowel_abnormality,gastrointestinal_tract,gastrointestinal_tract_abnormality,Intestinal abnormality,,,
small_bowel_abnormality,gastrointestinal_tract,bowel_abnormality,Small intestine abnormality,,,
small_bowel_wall_abnormality,gastrointestinal_tract,small_bowel_abnormality,,,,
small_bowel_lesion,gastrointestinal_tract,small_bowel_abnormality,,,,
small_bowel_fistula,gastrointestinal_tract,small_bowel_abnormality,,diagnosis,,
small_bowel_postsurgical_change,gastrointestinal_tract,bowel_postsurgical_change,,,,
small_bowel_anatomic_variant,gastrointestinal_tract,bowel_anatomic_variant,,,,
small_bowel_wall_thickening,gastrointestinal_tract,small_bowel_wall_abnormality,,observation,,OIFM_GMTS_003602
small_bowel_mucosal_thickening,gastrointestinal_tract,small_bowel_wall_abnormality,,observation,,
small_bowel_hyperenhancement,gastrointestinal_tract,small_bowel_wall_abnormality,,observation,,
small_bowel_hypoenhancement,gastrointestinal_tract,small_bowel_wall_abnormality,,observation,,
small_bowel_wall_calcification,gastrointestinal_tract,small_bowel_wall_abnormality,,observation,,
small_bowel_submucosal_edema,gastrointestinal_tract,small_bowel_wall_abnormality,Submucosal edema of the small bowel,observation,,
small_bowel_submucosal_fat_deposition,gastrointestinal_tract,small_bowel_wall_abnormality,Submucosal fat deposition of the small bowel,observation,,
small_bowel_mucosal_fold_thickening,gastrointestinal_tract,small_bowel_wall_abnormality,,observation,,
smooth_small_bowel_mucosal_surface,gastrointestinal_tract,small_bowel_wall_abnormality,,observation,,
small_bowel_pneumatosis,gastrointestinal_tract,bowel_pneumatosis,,observation,,
target_appearance_of_the_small_bowel,gastrointestinal_tract,small_bowel_wall_abnormality,,observation,,
small_bowel_obstruction,gastrointestinal_tract,small_bowel_caliber_abnormality,SBO,observation,,OIFM_CDE_000178
closed_loop_small_bowel_obstruction,gastrointestinal_tract,small_bowel_obstruction,,observation,,
beak_sign_at_a_small_bowel_transition_point,gastrointestinal_tract,small_bowel_abnormality,,observation,,
small_bowel_transition_point,gastrointestinal_tract,small_bowel_caliber_abnormality,Transition point of the small bowel,observation,,
small_bowel_luminal_narrowing,gastrointestinal_tract,small_bowel_caliber_abnormality,Narrowing of the small bowel lumen,observation,,
string_sign_of_the_small_bowel,gastrointestinal_tract,small_bowel_abnormality,,observation,,
small_bowel_generalized_dilation,gastrointestinal_tract,small_bowel_caliber_abnormality,Generalized dilation of the small bowel,observation,,
small_bowel_segmental_dilation,gastrointestinal_tract,small_bowel_caliber_abnormality,Segmental dilation of the small bowel,observation,,
small_bowel_fluid_distention,gastrointestinal_tract,small_bowel_caliber_abnormality,Fluid distention of the small bowel,observation,,
small_bowel_gaseous_distention,gastrointestinal_tract,small_bowel_caliber_abnormality,Gaseous distention of the small bowel,observation,,
gas_fluid_levels_within_the_small_bowel,gastrointestinal_tract,small_bowel_abnormality,Air-fluid levels,observation,,
delayed_small_bowel_transit,gastrointestinal_tract,small_bowel_abnormality,,observation,,
small_bowel_contraction,gastrointestinal_tract,small_bowel_abnormality,,observation,,
small_bowel_contusion,gastrointestinal_tract,small_bowel_abnormality,,observation,,
small_bowel_hematoma,gastrointestinal_tract,small_bowel_abnormality,,observation,,
small_bowel_laceration,gastrointestinal_tract,small_bowel_abnormality,,observation,,
small_bowel_perforation,gastrointestinal_tract,small_bowel_abnormality,,observation,,
small_bowel_diverticulosis,gastrointestinal_tract,small_bowel_lesion,,observation,,
small_bowel_course_abnormality,gastrointestinal_tract,small_bowel_abnormality,Abnormal course of the small bowel,observation,,
close_apposition_of_small_bowel_loops_to_anterior_abdominal_wall,gastrointestinal_tract,small_bowel_abnormality,,observation,,
clustered_small_bowel_loops,gastrointestinal_tract,small_bowel_abnormality,,observation,,
small_bowel_kinking,gastrointestinal_tract,small_bowel_abnormality,Kinking of the small bowel,observation,,
small_bowel_tethering,gastrointestinal_tract,small_bowel_abnormality,Tethering of the small bowel,observation,,
small_bowel_extrinsic_compression,gastrointestinal_tract,small_bowel_abnormality,Extrinsic compression of the small bowel,observation,,
contrast_material_within_the_small_bowel,gastrointestinal_tract,small_bowel_abnormality,,observation,,
fecal_like_material_within_the_small_bowel,gastrointestinal_tract,small_bowel_abnormality,,observation,,
high_attenuation_material_within_the_small_bowel,gastrointestinal_tract,small_bowel_abnormality,,observation,,
swirling_of_mesenteric_vessels,mesentery,mesenteric_abnormality,Whirl sign,observation,,
small_bowel_volvulus,gastrointestinal_tract,small_bowel_abnormality,"Midgut volvulus, Intestinal volvulus",observation,,
enterocolic_fistula,gastrointestinal_tract,small_bowel_fistula,,diagnosis,,
enterocutaneous_fistula,gastrointestinal_tract,small_bowel_fistula,,diagnosis,,
enteroenteric_fistula,gastrointestinal_tract,small_bowel_fistula,,diagnosis,,
small_bowel_anastomosis,gastrointestinal_tract,small_bowel_postsurgical_change,,observation,,
small_bowel_resection,gastrointestinal_tract,small_bowel_postsurgical_change,,observation,,
enteritis,gastrointestinal_tract,small_bowel_abnormality,,diagnosis,,
congenital_intestinal_malrotation,gastrointestinal_tract,small_bowel_anatomic_variant,Intestinal malrotation,observation,,OIFM_GMTS_005286
target_appearance_of_the_duodenum,gastrointestinal_tract,small_bowel_wall_abnormality,,observation,,
duodenal_pseudoaneurysm,gastrointestinal_tract,small_bowel_abnormality,,diagnosis,,
duodenal_arteriovenous_malformation,gastrointestinal_tract,small_bowel_abnormality,Duodenal AVM,diagnosis,,
duodenitis,gastrointestinal_tract,enteritis,,diagnosis,,
duodenal_web,gastrointestinal_tract,small_bowel_anatomic_variant,,observation,,
reduced_aorto_mesenteric_angle,gastrointestinal_tract,small_bowel_abnormality,SMA syndrome sign,observation,,
duodenocolic_fistula,gastrointestinal_tract,small_bowel_fistula,,diagnosis,,
duodenocutaneous_fistula,gastrointestinal_tract,small_bowel_fistula,,diagnosis,,
partial_duodenectomy,gastrointestinal_tract,small_bowel_postsurgical_change,,observation,,
duodenal_stent,extrinsic,hardware,,observation,,
target_appearance_of_the_jejunum,gastrointestinal_tract,small_bowel_wall_abnormality,,observation,,
jejunal_pseudoaneurysm,gastrointestinal_tract,small_bowel_abnormality,,diagnosis,,
jejunal_arteriovenous_malformation,gastrointestinal_tract,small_bowel_abnormality,Jejunal AVM,diagnosis,,
jejunitis,gastrointestinal_tract,enteritis,,diagnosis,,
jejunal_intussusception,gastrointestinal_tract,small_bowel_intussusception,,observation,,
jejunal_web,gastrointestinal_tract,small_bowel_anatomic_variant,,observation,,
jejuno_jejunal_anastomosis,gastrointestinal_tract,small_bowel_postsurgical_change,,observation,,
jejunostomy,gastrointestinal_tract,small_bowel_postsurgical_change,,observation,,
jejunal_stent,extrinsic,hardware,,observation,,
jejunostomy_tube,extrinsic,support_apparatus,"J-tube, jejunostomy tube, jejunal catheter",observation,,
gastrojejunostomy_tube,extrinsic,support_apparatus,"GJ tube, gastrojejunostomy tube, gastrojejunal catheter",observation,,
target_appearance_of_the_ileum,gastrointestinal_tract,small_bowel_wall_abnormality,,observation,,
inflamed_terminal_ileum,gastrointestinal_tract,small_bowel_wall_abnormality,Terminal ileitis,observation,,
ileocecal_valve_thickening,gastrointestinal_tract,small_bowel_wall_abnormality,,observation,,
ileal_pseudoaneurysm,gastrointestinal_tract,small_bowel_abnormality,,diagnosis,,
ileal_arteriovenous_malformation,gastrointestinal_tract,small_bowel_abnormality,Ileal AVM,diagnosis,,
ileitis,gastrointestinal_tract,enteritis,,diagnosis,,
ileo_ileal_intussusception,gastrointestinal_tract,small_bowel_intussusception,,observation,,
ileocecal_intussusception,gastrointestinal_tract,small_bowel_intussusception,,observation,,
meckel_diverticulum,gastrointestinal_tract,small_bowel_anatomic_variant,Meckel's diverticulum,diagnosis,,
ileal_web,gastrointestinal_tract,small_bowel_anatomic_variant,,observation,,
ileo_ileal_anastomosis,gastrointestinal_tract,small_bowel_postsurgical_change,,observation,,
ileal_pouch_creation,gastrointestinal_tract,small_bowel_postsurgical_change,,observation,,
end_ileostomy,gastrointestinal_tract,ileostomy,,observation,,
diverting_loop_ileostomy,gastrointestinal_tract,ileostomy,,observation,,
ileocolic_fistula,gastrointestinal_tract,small_bowel_fistula,,diagnosis,,
ileoileal_fistula,gastrointestinal_tract,small_bowel_fistula,,diagnosis,,
ileovesical_fistula,gastrointestinal_tract,small_bowel_fistula,,diagnosis,,
ileal_stent,extrinsic,hardware,,observation,,
large_bowel_abnormality,gastrointestinal_tract,bowel_abnormality,Large intestine abnormality,,,
target_appearance_of_the_cecum,gastrointestinal_tract,large_bowel_wall_abnormality,,observation,,
cecal_pseudoaneurysm,gastrointestinal_tract,large_bowel_abnormality,,diagnosis,,
cecal_volvulus,gastrointestinal_tract,large_bowel_abnormality,,observation,,
typhlitis,gastrointestinal_tract,large_bowel_abnormality,,diagnosis,,
cecocolic_intussusception,gastrointestinal_tract,large_bowel_intussusception,,observation,,
cecal_web,gastrointestinal_tract,large_bowel_anatomic_variant,,observation,,
cecal_malrotation,gastrointestinal_tract,large_bowel_anatomic_variant,,observation,,
mobile_cecum,gastrointestinal_tract,large_bowel_anatomic_variant,,observation,,
pericecal_abscess,gastrointestinal_tract,large_bowel_abnormality,,diagnosis,,
pericecal_fat_stranding,gastrointestinal_tract,large_bowel_abnormality,,observation,,
pericecal_hematoma,gastrointestinal_tract,large_bowel_abnormality,,observation,,
cecal_anastomosis,gastrointestinal_tract,large_bowel_postsurgical_change,,observation,,
cecal_resection,gastrointestinal_tract,large_bowel_postsurgical_change,,observation,,
cecocolic_fistula,gastrointestinal_tract,large_bowel_fistula,,diagnosis,,
cecocutaneous_fistula,gastrointestinal_tract,large_bowel_fistula,,diagnosis,,
cecovesical_fistula,gastrointestinal_tract,large_bowel_fistula,,diagnosis,,
cecal_stent,extrinsic,hardware,,observation,,
colonic_submucosal_fat_deposition,gastrointestinal_tract,large_bowel_wall_abnormality,,observation,,
target_appearance_of_the_colon,gastrointestinal_tract,large_bowel_wall_abnormality,,observation,,
gastrointestinal_stromal_tumor_of_the_colon,gastrointestinal_tract,large_bowel_neoplasm,Colonic GIST,diagnosis,,
colonic_pseudoaneurysm,gastrointestinal_tract,large_bowel_abnormality,,diagnosis,,
colonic_pseudo_obstruction,gastrointestinal_tract,large_bowel_abnormality,Ogilvie syndrome,observation,,
formed_stool_in_the_colon,gastrointestinal_tract,large_bowel_abnormality,,observation,,
inspissated_stool_in_the_colon,gastrointestinal_tract,large_bowel_abnormality,,observation,,
large_volume_of_colonic_stool,gastrointestinal_tract,large_bowel_abnormality,,observation,,
colonic_diverticulosis,gastrointestinal_tract,large_bowel_abnormality,,diagnosis,,OIFM_OIDM_388787
sigmoid_volvulus,gastrointestinal_tract,large_bowel_abnormality,,observation,,
colonic_web,gastrointestinal_tract,large_bowel_anatomic_variant,,observation,,
mesocolic_hernia,gastrointestinal_tract,large_bowel_abnormality,,diagnosis,,
pericolic_abscess,gastrointestinal_tract,large_bowel_abnormality,Pericolonic abscess,diagnosis,,OIFM_GMTS_001284
pericolic_fat_stranding,gastrointestinal_tract,large_bowel_abnormality,Pericolonic fat stranding,observation,,
pericolic_hematoma,gastrointestinal_tract,large_bowel_abnormality,Pericolonic hematoma,observation,,
colocolonic_anastomosis,gastrointestinal_tract,large_bowel_postsurgical_change,,observation,,
colonic_resection,gastrointestinal_tract,large_bowel_postsurgical_change,,observation,,
partial_colectomy,gastrointestinal_tract,colonic_resection,,observation,,
total_colectomy,gastrointestinal_tract,colonic_resection,,observation,,
hemicolectomy,gastrointestinal_tract,colonic_resection,,observation,,
right_hemicolectomy,gastrointestinal_tract,hemicolectomy,,observation,,
left_hemicolectomy,gastrointestinal_tract,hemicolectomy,,observation,,
sigmoidectomy,gastrointestinal_tract,colonic_resection,,observation,,
low_anterior_resection,gastrointestinal_tract,large_bowel_postsurgical_change,LAR,observation,,
high_anterior_resection,gastrointestinal_tract,large_bowel_postsurgical_change,HAR,observation,,
abdominoperineal_resection,gastrointestinal_tract,large_bowel_postsurgical_change,APR,observation,,
colonic_resection_with_pouch_formation,gastrointestinal_tract,large_bowel_postsurgical_change,,observation,,
colonic_j_pouch_creation,gastrointestinal_tract,large_bowel_postsurgical_change,,observation,,
hartmann_pouch,gastrointestinal_tract,large_bowel_postsurgical_change,,observation,,
colostomy,gastrointestinal_tract,large_bowel_postsurgical_change,,observation,,
reversal_of_colostomy,gastrointestinal_tract,large_bowel_postsurgical_change,,observation,,
colorectal_anastomosis,gastrointestinal_tract,large_bowel_postsurgical_change,,observation,,
ileocolonic_anastomosis,gastrointestinal_tract,large_bowel_postsurgical_change,,observation,,
colonic_stent,extrinsic,hardware,Colonic stent placement,observation,,
appendiceal_abnormality,gastrointestinal_tract,bowel_abnormality,Appendix abnormality,,,
appendiceal_wall_abnormality,gastrointestinal_tract,appendiceal_abnormality,,,,
appendiceal_lesion,gastrointestinal_tract,appendiceal_abnormality,,,,
appendiceal_mucocele,gastrointestinal_tract,appendiceal_lesion,,observation,,
appendiceal_postsurgical_change,gastrointestinal_tract,large_bowel_postsurgical_change,,,,
appendiceal_anatomic_variant,gastrointestinal_tract,bowel_anatomic_variant,,,,
appendiceal_wall_thickening,gastrointestinal_tract,appendiceal_wall_abnormality,,observation,,
appendiceal_mucosal_thickening,gastrointestinal_tract,appendiceal_wall_abnormality,,observation,,
appendiceal_hyperenhancement,gastrointestinal_tract,appendiceal_wall_abnormality,,observation,,
appendiceal_hypoenhancement,gastrointestinal_tract,appendiceal_wall_abnormality,,observation,,
appendiceal_wall_calcification,gastrointestinal_tract,appendiceal_wall_abnormality,,observation,,
appendiceal_wall_discontinuity,gastrointestinal_tract,appendiceal_wall_abnormality,"Appendiceal wall perforation, Discontinuity of the appendiceal wall",observation,,
adenocarcinoma_of_the_appendix,gastrointestinal_tract,appendiceal_neoplasm,,diagnosis,,
appendiceal_mucinous_neoplasm,gastrointestinal_tract,appendiceal_neoplasm,Mucous appendiceal neoplasm,diagnosis,,
appendiceal_cyst,gastrointestinal_tract,appendiceal_lesion,,observation,,
appendicolith,gastrointestinal_tract,appendiceal_abnormality,Appendiceal calculus,observation,,
appendiceal_obstruction,gastrointestinal_tract,appendiceal_caliber_abnormality,,observation,,
appendiceal_perforation,gastrointestinal_tract,appendiceal_abnormality,,diagnosis,,
appendiceal_luminal_narrowing,gastrointestinal_tract,appendiceal_caliber_abnormality,Narrowing of the appendiceal lumen,observation,,
appendiceal_dilation,gastrointestinal_tract,appendiceal_caliber_abnormality,"Appendiceal distention, Dilated appendix",observation,,
appendiceal_fluid_distention,gastrointestinal_tract,appendiceal_caliber_abnormality,Fluid distention of the appendix,observation,,
appendiceal_course_abnormality,gastrointestinal_tract,appendiceal_abnormality,Abnormal course of the appendix,observation,,
appendiceal_kinking,gastrointestinal_tract,appendiceal_abnormality,Kinking of the appendix,observation,,
appendiceal_extrinsic_compression,gastrointestinal_tract,appendiceal_abnormality,Extrinsic compression of the appendix,observation,,
variant_appendiceal_position,gastrointestinal_tract,appendiceal_anatomic_variant,,observation,,
appendiceal_duplication,gastrointestinal_tract,appendiceal_anatomic_variant,,observation,,
periappendiceal_edema,gastrointestinal_tract,appendiceal_abnormality,,observation,,
periappendiceal_fat_stranding,gastrointestinal_tract,appendiceal_abnormality,,observation,,
periappendiceal_fluid_collection,gastrointestinal_tract,appendiceal_abnormality,,observation,,
appendectomy,gastrointestinal_tract,appendiceal_postsurgical_change,,observation,,
residual_appendiceal_stump,gastrointestinal_tract,appendiceal_postsurgical_change,,observation,,
fluid_collection_in_the_appendectomy_bed,gastrointestinal_tract,appendiceal_postsurgical_change,,observation,,
rectal_wall_injury,gastrointestinal_tract,large_bowel_wall_abnormality,,observation,,
internal_hemorrhoid,gastrointestinal_tract,large_bowel_abnormality,,observation,,
external_hemorrhoid,gastrointestinal_tract,large_bowel_abnormality,,observation,,
rectal_prolapse,gastrointestinal_tract,large_bowel_abnormality,,observation,,
rectal_stool_ball,gastrointestinal_tract,large_bowel_abnormality,,observation,,
stercoral_colitis,gastrointestinal_tract,large_bowel_abnormality,,diagnosis,,
perirectal_abscess,gastrointestinal_tract,large_bowel_abnormality,,diagnosis,,
perirectal_fat_stranding,gastrointestinal_tract,large_bowel_abnormality,Fat stranding in the perirectal space,observation,,
perirectal_hematoma,gastrointestinal_tract,large_bowel_abnormality,,observation,,
perianal_abscess,gastrointestinal_tract,large_bowel_abnormality,,diagnosis,,
rectal_anastomosis,gastrointestinal_tract,large_bowel_postsurgical_change,,observation,,
postoperative_abscess_in_the_rectum,gastrointestinal_tract,large_bowel_postsurgical_change,,diagnosis,,
postoperative_hematoma_in_the_rectum,gastrointestinal_tract,large_bowel_postsurgical_change,,observation,,
postoperative_seroma_in_the_rectum,gastrointestinal_tract,large_bowel_postsurgical_change,,observation,,
perianal_fistula,gastrointestinal_tract,large_bowel_abnormality,,diagnosis,,
rectocutaneous_fistula,gastrointestinal_tract,large_bowel_fistula,,diagnosis,,
rectourethral_fistula,gastrointestinal_tract,large_bowel_fistula,,diagnosis,,
rectovaginal_fistula,gastrointestinal_tract,large_bowel_fistula,,diagnosis,,
rectal_stent,extrinsic,hardware,,observation,,
fecal_management_device,extrinsic,support_apparatus,,observation,,
female_reproductive_abnormality,female_reproductive,,,,,
uterine_abnormality,female_reproductive,female_reproductive_abnormality,Uterus abnormality,,,
uterine_anatomic_variant,female_reproductive,female_reproductive_anatomic_variant,,,,
uterine_postsurgical_change,female_reproductive,female_reproductive_postsurgical_change,,,,
endometrial_mass,female_reproductive,uterine_lesion,,observation,,
endometrial_polyp,female_reproductive,uterine_lesion,,observation,,
endometrial_thickening,female_reproductive,endometrial_abnormality,,observation,,OIFM_GMTS_017809
endometrial_calcification,female_reproductive,endometrial_abnormality,,observation,,
endometrial_fluid,female_reproductive,endometrial_abnormality,,observation,,OIFM_GMTS_017820
endometrial_hyperenhancement,female_reproductive,endometrial_abnormality,,observation,,
myometrial_mass,female_reproductive,uterine_lesion,,observation,,
uterine_fibroid,female_reproductive,uterine_neoplasm,uterine leiomyoma,diagnosis,,
myometrial_heterogeneity,female_reproductive,myometrial_abnormality,,observation,,
myometrial_wall_thinning,female_reproductive,myometrial_abnormality,,observation,,
uterine_wall_thinning,female_reproductive,uterine_abnormality,,observation,,
myometrial_hyperenhancement,female_reproductive,myometrial_abnormality,,observation,,
myometrial_hypoenhancement,female_reproductive,myometrial_abnormality,,observation,,
uterine_calcification,female_reproductive,uterine_abnormality,,observation,,
intrauterine_gas,female_reproductive,uterine_abnormality,,observation,,
uterine_atrophy,female_reproductive,uterine_abnormality,,observation,,
asymmetric_uterine_enlargement,female_reproductive,uterine_enlargement,,observation,,
uniform_uterine_enlargement,female_reproductive,uterine_enlargement,,observation,,
uterine_perforation,female_reproductive,uterine_abnormality,,observation,,
uterine_rupture,female_reproductive,uterine_abnormality,,observation,,
uterine_dehiscence,female_reproductive,uterine_abnormality,,observation,,
uterine_infarction,female_reproductive,uterine_abnormality,,diagnosis,,
retained_material_in_uterus,female_reproductive,uterine_abnormality,,observation,,
uterine_agenesis,female_reproductive,uterine_anatomic_variant,Absent uterus,diagnosis,,
uterine_hypoplasia,female_reproductive,uterine_anatomic_variant,,diagnosis,,
arcuate_uterus,female_reproductive,uterine_anatomic_variant,,observation,,
bicornuate_uterus,female_reproductive,uterine_anatomic_variant,,observation,,
septate_uterus,female_reproductive,uterine_anatomic_variant,,observation,,
unicornuate_uterus,female_reproductive,uterine_anatomic_variant,,observation,,
uterus_didelphys,female_reproductive,uterine_anatomic_variant,,observation,,
hysterectomy,female_reproductive,uterine_postsurgical_change,,observation,,
cesarean_section_scar_defect,female_reproductive,uterine_postsurgical_change,isthmocele,observation,,
intrauterine_device,extrinsic,hardware,IUD,observation,,
uterine_cervix_abnormality,female_reproductive,female_reproductive_abnormality,Cervix abnormality,,,
cervical_cancer,female_reproductive,uterine_cervix_neoplasm,Cervical carcinoma,diagnosis,,
cervical_fibroid,female_reproductive,uterine_cervix_neoplasm,Cervical leiomyoma,diagnosis,,
uterine_cervix_lesion,female_reproductive,uterine_cervix_abnormality,Cervical lesion,,,
nabothian_cyst,female_reproductive,uterine_cervix_lesion,,diagnosis,,
uterine_cervix_fluid_collection,female_reproductive,uterine_cervix_abnormality,"Cervical fluid collection, Endocervical fluid",observation,,
uterine_cervix_gas,female_reproductive,uterine_cervix_abnormality,Cervical gas,observation,,
uterine_cervix_laceration,female_reproductive,uterine_cervix_abnormality,Cervical laceration,observation,,
cervical_tear,female_reproductive,uterine_cervix_abnormality,,observation,,
uterine_cervix_enlargement,female_reproductive,uterine_cervix_abnormality,"Cervical enlargement, Enlarged cervix",observation,,
vaginal_abnormality,female_reproductive,female_reproductive_abnormality,Vagina abnormality,,,
vaginal_anatomic_variant,female_reproductive,female_reproductive_anatomic_variant,,,,
vaginal_postsurgical_change,female_reproductive,female_reproductive_postsurgical_change,,,,
vaginal_mass,female_reproductive,vaginal_lesion,,observation,,
vaginal_abscess,female_reproductive,vaginal_abnormality,,diagnosis,,
vaginal_fluid,female_reproductive,vaginal_abnormality,,observation,,
vaginal_gas,female_reproductive,vaginal_abnormality,,observation,,
vaginal_hematoma,female_reproductive,vaginal_abnormality,,observation,,
vaginal_wall_thickening,female_reproductive,vaginal_abnormality,,observation,,
vaginal_distension,female_reproductive,vaginal_abnormality,,observation,,
vaginal_narrowing,female_reproductive,vaginal_abnormality,,observation,,
vaginal_agenesis,female_reproductive,vaginal_anatomic_variant,,diagnosis,,
post_radiation_vaginal_fibrosis,female_reproductive,vaginal_postsurgical_change,,observation,,
post_surgical_vaginal_scarring,female_reproductive,vaginal_postsurgical_change,,observation,,
vaginal_mesh,extrinsic,hardware,,observation,,
vaginal_packing,extrinsic,support_apparatus,,observation,,
vaginal_pessary,extrinsic,support_apparatus,,observation,,
adnexal_abnormality,female_reproductive,female_reproductive_abnormality,Adnexa abnormality,,,
ovarian_abnormality,female_reproductive,adnexal_abnormality,,,,
fallopian_tube_abnormality,female_reproductive,adnexal_abnormality,,,,
adnexal_postsurgical_change,female_reproductive,female_reproductive_postsurgical_change,,,,
adnexal_lesion,female_reproductive,adnexal_abnormality,Adnexal mass,,,
complex_adnexal_mass,female_reproductive,adnexal_lesion,Complex adnexal lesion,observation,,
solid_adnexal_mass,female_reproductive,adnexal_lesion,Solid adnexal lesion,observation,,
adnexal_cyst,female_reproductive,adnexal_lesion,,observation,,
adnexal_fat_stranding,female_reproductive,adnexal_abnormality,,observation,,
adnexal_fluid_collection,female_reproductive,adnexal_abnormality,,observation,,
adnexal_hematoma,female_reproductive,adnexal_abnormality,,observation,,
ovarian_lesion,female_reproductive,ovarian_abnormality,Ovarian mass,,,
ovarian_metastasis,female_reproductive,ovarian_neoplasm,,diagnosis,,
krukenberg_tumor,female_reproductive,ovarian_metastasis,Krukenberg tumor,diagnosis,,
ovarian_dermoid,female_reproductive,ovarian_neoplasm,Mature cystic teratoma,diagnosis,,
ovarian_carcinoma,female_reproductive,ovarian_neoplasm,"Ovarian cancer, Ovarian adenocarcinoma",diagnosis,,
ovarian_cystadenoma,female_reproductive,ovarian_neoplasm,,diagnosis,,
ovarian_fibroma,female_reproductive,ovarian_neoplasm,,diagnosis,,
ovarian_fibrothecoma,female_reproductive,ovarian_neoplasm,"thecoma, fibroma-thecoma",diagnosis,,
ovarian_granulosa_cell_tumor,female_reproductive,ovarian_neoplasm,Granulosa cell tumor,diagnosis,,
endometrioma,female_reproductive,ovarian_cystic_lesion,Endometriotic cyst,diagnosis,,
simple_ovarian_cyst,female_reproductive,ovarian_cystic_lesion,,observation,,
hemorrhagic_ovarian_cyst,female_reproductive,ovarian_cystic_lesion,,observation,,
corpus_luteum_cyst,female_reproductive,ovarian_cystic_lesion,,observation,,
polycystic_ovary_morphology,female_reproductive,ovarian_abnormality,PCO morphology,observation,,
ovarian_abscess,female_reproductive,ovarian_abnormality,,diagnosis,,
ovarian_calcification,female_reproductive,ovarian_abnormality,,observation,,
ovarian_hyperstimulation,female_reproductive,ovarian_abnormality,OHSS,diagnosis,,
ovarian_torsion,female_reproductive,ovarian_abnormality,,diagnosis,,
ovarian_enlargement,female_reproductive,ovarian_abnormality,Enlarged ovary,observation,,
ovarian_atrophy,female_reproductive,ovarian_abnormality,Atrophic ovary,observation,,
hydrosalpinx,female_reproductive,fallopian_tube_abnormality,,observation,,
hematosalpinx,female_reproductive,fallopian_tube_abnormality,,observation,,
pyosalpinx,female_reproductive,fallopian_tube_abnormality,,diagnosis,,
fallopian_tube_dilation,female_reproductive,fallopian_tube_abnormality,Dilated fallopian tube,observation,,
fallopian_tube_torsion,female_reproductive,fallopian_tube_abnormality,Torsed fallopian tube,diagnosis,,
tubal_ring_sign,female_reproductive,fallopian_tube_abnormality,,observation,,
tubal_ectopic_pregnancy,female_reproductive,fallopian_tube_abnormality,,diagnosis,,
paraovarian_cyst,female_reproductive,adnexal_abnormality,"Paratubal cyst,Broad ligament cyst",observation,,
tubo_ovarian_abscess,female_reproductive,adnexal_abnormality,TOA,diagnosis,,
tubo_ovarian_complex,female_reproductive,adnexal_abnormality,,diagnosis,,
oophorectomy,female_reproductive,adnexal_postsurgical_change,,observation,,
salpingectomy,female_reproductive,adnexal_postsurgical_change,,observation,,
fallopian_tube_surgical_clip,female_reproductive,surgical_clip,Fallopian tube surgical clips,observation,,
adnexal_surgical_clip,female_reproductive,surgical_clip,Adnexal surgical clips,observation,,
essure_device,extrinsic,hardware,,observation,,
tubal_ligation_bands,extrinsic,hardware,,observation,,
tubal_ligation_clips,extrinsic,surgical_clip,,observation,,
tubal_ligation_rings,extrinsic,hardware,,observation,,
male_reproductive_abnormality,male_reproductive,,,,,
prostatic_abnormality,male_reproductive,male_reproductive_abnormality,Prostate abnormality,,,OIFM_OIDM_332518
prostatic_anatomic_variant,male_reproductive,male_reproductive_anatomic_variant,,,,
male_reproductive_postsurgical_change,male_reproductive,,,,,
prostate_lesion,male_reproductive,prostatic_abnormality,"Prostatic lesion, prostate mass, Prostatic mass",,,
prostate_nodule,male_reproductive,prostate_lesion,Prostatic nodule,observation,,
prostate_cyst,male_reproductive,prostate_lesion,Prostatic cyst,observation,,
prostate_abscess,male_reproductive,prostatic_abnormality,Prostatic abscess,diagnosis,,
prostate_calcification,male_reproductive,prostatic_abnormality,"Prostatic calcifications, prostate calcifications",observation,,
focal_enlargement_of_the_prostate,male_reproductive,prostate_enlargement,,observation,,
uniform_enlargement_of_the_prostate,male_reproductive,prostate_enlargement,Benign prostatic enlargement,observation,,
heterogeneous_enhancement_of_the_prostate,male_reproductive,prostatic_abnormality,,observation,,
homogeneous_enhancement_of_the_prostate,male_reproductive,prostatic_abnormality,,observation,,
prostate_fluid_collection,male_reproductive,prostatic_abnormality,,observation,,
ejaculatory_duct_calcification,male_reproductive,prostatic_abnormality,ejaculatory duct calcifications,observation,,
prostate_mullerian_duct_cyst,male_reproductive,prostatic_anatomic_variant,,diagnosis,,
prostate_utricle_cyst,male_reproductive,prostatic_anatomic_variant,,diagnosis,,
prostatectomy,male_reproductive,male_reproductive_postsurgical_change,,observation,,
transurethral_resection_of_the_prostate,male_reproductive,male_reproductive_postsurgical_change,TURP,observation,,
seminal_vesicle_abnormality,male_reproductive,male_reproductive_abnormality,,,,OIFM_OIDM_452510
seminal_vesicle_anatomic_variant,male_reproductive,male_reproductive_anatomic_variant,,,,
seminal_vesicle_enlargement,male_reproductive,seminal_vesicle_abnormality,"Seminal vesicle enlargement, Enlarged seminal vesicle",observation,,
seminal_vesicle_hyperenhancement,male_reproductive,seminal_vesicle_abnormality,Hyperenhancing seminal vesicle,observation,,
seminal_vesicle_dilation,male_reproductive,seminal_vesicle_abnormality,,observation,,
seminal_vesicle_abscess,male_reproductive,seminal_vesicle_abnormality,,diagnosis,,
seminal_vesicle_calcification,male_reproductive,seminal_vesicle_abnormality,seminal vesicle calcifications,observation,,OIFM_GMTS_021535
seminal_vesicle_cyst,male_reproductive,seminal_vesicle_lesion,,observation,,
seminal_vesicle_fluid_collection,male_reproductive,seminal_vesicle_abnormality,,observation,,
seminal_vesicle_solid_lesion,male_reproductive,seminal_vesicle_lesion,Seminal vesicle solid mass,observation,,
seminal_vesicle_agenesis,male_reproductive,seminal_vesicle_anatomic_variant,,diagnosis,,
scrotal_abnormality,male_reproductive,male_reproductive_abnormality,Scrotum abnormality,,,
scrotal_abscess,male_reproductive,scrotal_abnormality,,diagnosis,,
scrotal_calcification,male_reproductive,scrotal_abnormality,scrotal calcifications,observation,,OIFM_GMTS_022581
scrotal_fluid_collection,male_reproductive,scrotal_abnormality,,observation,,
scrotal_hydrocele,male_reproductive,scrotal_abnormality,Hydrocele,observation,,
scrotal_skin_thickening,male_reproductive,scrotal_abnormality,,observation,,
scrotal_soft_tissue_gas,male_reproductive,scrotal_abnormality,,observation,,
scrotal_varicocele,male_reproductive,scrotal_abnormality,Varicocele,observation,,
epididymal_enlargement,male_reproductive,scrotal_abnormality,Enlarged epididymis,observation,,
epididymal_enhancement,male_reproductive,scrotal_abnormality,,observation,,
spermatic_cord_lipoma,male_reproductive,scrotal_abnormality,,diagnosis,,
vas_deferens_calcification,male_reproductive,scrotal_abnormality,vas deferens calcifications,observation,,OIFM_GMTS_017752
fatty_expansion_of_the_inguinal_canal,male_reproductive,scrotal_abnormality,,observation,,
vasectomy,male_reproductive,male_reproductive_postsurgical_change,,observation,,
testicular_abnormality,male_reproductive,male_reproductive_abnormality,Testis abnormality,,,
testicular_anatomic_variant,male_reproductive,male_reproductive_anatomic_variant,,,,
testicular_lesion,male_reproductive,testicular_abnormality,"Testicular lesion, testicular mass",,,
testicular_calcification,male_reproductive,testicular_abnormality,,observation,,OIFM_GMTS_017703
testicular_microlithiasis,male_reproductive,testicular_abnormality,,observation,,
testicular_edema,male_reproductive,testicular_abnormality,,observation,,
testicular_retraction,male_reproductive,testicular_abnormality,,observation,,
undescended_testis,male_reproductive,testicular_anatomic_variant,Cryptorchidism,observation,,
ectopic_testis,male_reproductive,testicular_anatomic_variant,,observation,,
testicular_prosthesis,extrinsic,hardware,,observation,,
penile_abnormality,male_reproductive,male_reproductive_abnormality,Penis abnormality,,,
penile_fracture,male_reproductive,penile_abnormality,,observation,,
penile_hematoma,male_reproductive,penile_abnormality,,observation,,
penile_prosthesis,extrinsic,hardware,,observation,,
peritoneal_abnormality,peritoneum,,Peritoneum abnormality,,,
internal_hernia,peritoneum,peritoneal_abnormality,,observation,,
foramen_of_winslow_hernia,peritoneum,internal_hernia,,observation,,
intersigmoid_hernia,peritoneum,internal_hernia,,observation,,
paraduodenal_hernia,peritoneum,internal_hernia,,observation,,
pericecal_hernia,peritoneum,internal_hernia,,observation,,
supravesical_hernia,peritoneum,internal_hernia,,observation,,
transmesenteric_hernia,peritoneum,internal_hernia,,observation,,
ascites,peritoneum,peritoneal_cavity_abnormality,Free fluid,,,OIFM_GMTS_000480
peritoneal_fascial_thickening,peritoneum,peritoneal_abnormality,,observation,,
simple_ascites,peritoneum,ascites,,observation,,
complex_ascites,peritoneum,ascites,,observation,,
hemoperitoneum,peritoneum,ascites,,diagnosis,,
pneumoperitoneum,peritoneum,peritoneal_cavity_abnormality,,observation,,OIFM_CDE_000228
postoperative_pneumoperitoneum,peritoneum,pneumoperitoneum,,observation,,
intraperitoneal_fluid_collection,peritoneum,peritoneal_cavity_abnormality,intra-abdominal fluid collection,observation,,
peritoneal_hematoma,peritoneum,peritoneal_cavity_abnormality,,observation,,
peritoneal_abscess,peritoneum,peritoneal_cavity_abnormality,,diagnosis,,
peritonitis,peritoneum,peritoneal_abnormality,,diagnosis,,
peritoneal_neoplasm,peritoneum,peritoneal_abnormality,,,,
peritoneal_metastasis,peritoneum,peritoneal_neoplasm,,diagnosis,,
peritoneal_mesothelioma,peritoneum,peritoneal_neoplasm,Malignant peritoneal mesothelioma,diagnosis,,
peritoneal_carcinomatosis,peritoneum,peritoneal_metastasis,,diagnosis,,
peritoneal_cyst,peritoneum,peritoneal_abnormality,,observation,,
peritoneal_calcification,peritoneum,peritoneal_abnormality,,observation,,
peritoneal_fibrosis,peritoneum,peritoneal_abnormality,,diagnosis,,
peritoneal_soft_tissue_implant,peritoneum,peritoneal_abnormality,Peritoneal nodule,observation,,
pseudomyxoma_peritonei,peritoneum,peritoneal_neoplasm,,diagnosis,,
hollow_viscus_perforation,gastrointestinal_tract,gastrointestinal_tract_abnormality,Perforated hollow viscus,observation,,
dropped_gallstone,peritoneum,peritoneal_cavity_abnormality,,observation,,
peritoneal_loose_body,peritoneum,peritoneal_cavity_abnormality,"peritoneal mouse, detached calcified epiploic appendage",observation,,
scalloping_of_visceral_surface,peritoneum,peritoneal_abnormality,,observation,,
peritoneal_enhancement,peritoneum,peritoneal_abnormality,"Peritoneal fascial enhancement, diffuse fascial enhancement",observation,,
smooth_peritoneal_fascial_thickening,peritoneum,peritoneal_fascial_thickening,,observation,,
nodular_peritoneal_fascial_thickening,peritoneum,peritoneal_fascial_thickening,,observation,,
peritoneal_dialysis_catheter,extrinsic,hardware,"PD catheter, Tenckhoff catheter",observation,,
peritoneal_drainage_catheter,extrinsic,support_apparatus,,observation,,
peritoneal_cavity_abnormality,peritoneum,peritoneal_abnormality,,,,
mesenteric_abnormality,mesentery,,Mesentery abnormality,,,
mesocolic_abnormality,mesentery,mesenteric_abnormality,,,,
desmoid_tumor_of_the_mesentery,mesentery,mesenteric_abnormality,Mesenteric desmoid,diagnosis,,
mesenteric_fat_stranding,mesentery,mesenteric_abnormality,,observation,,
mesenteric_lymphoma,mesentery,mesenteric_abnormality,lymphomatous involvement of the mesentery,diagnosis,,
mesenteric_contusion,mesentery,mesenteric_abnormality,,observation,,
mesenteric_cyst,mesentery,mesenteric_abnormality,,observation,,
mesenteric_edema,mesentery,mesenteric_abnormality,,observation,,
mesenteric_hematoma,mesentery,mesenteric_abnormality,,observation,,
mesenteric_injury,mesentery,mesenteric_abnormality,,observation,,
mesenteric_panniculitis,mesentery,mesenteric_abnormality,Sclerosing mesenteritis,diagnosis,,
misty_mesentery,mesentery,mesenteric_abnormality,Misty appearance of the small bowel mesentery,observation,,OIFM_GMTS_004735
mesocolic_fat_stranding,mesentery,mesocolic_abnormality,,observation,,
mesocolic_fluid,mesentery,mesocolic_abnormality,,observation,,
gas_in_mesocolon,mesentery,mesocolic_abnormality,,observation,,
omental_abnormality,omentum,,Omentum abnormality,,,
calcified_epiploic_appendage,omentum,omental_abnormality,,observation,,
omental_fat_stranding,omentum,omental_abnormality,Fat stranding in the greater omentum,observation,,
epiploic_appendagitis,omentum,omental_abnormality,,diagnosis,,
omental_caking,omentum,omental_abnormality,,observation,,
omental_edema,omentum,omental_abnormality,,observation,,
omental_infarction,omentum,omental_abnormality,Omental infarct,diagnosis,,
soft_tissue_nodularity_of_the_greater_omentum,omentum,omental_abnormality,,observation,,
retroperitoneal_abnormality,retroperitoneum,,Retroperitoneum abnormality,,,
pneumoretroperitoneum,retroperitoneum,retroperitoneal_abnormality,"retroperitoneal free air, retroperitoneal gas",observation,,
retroperitoneal_abscess,retroperitoneum,retroperitoneal_abnormality,,diagnosis,,
retroperitoneal_edema,retroperitoneum,retroperitoneal_abnormality,,observation,,
retroperitoneal_fat_stranding,retroperitoneum,retroperitoneal_abnormality,,observation,,
retroperitoneal_fibrosis,retroperitoneum,retroperitoneal_abnormality,,diagnosis,,
retroperitoneal_fluid_collection,retroperitoneum,retroperitoneal_abnormality,,observation,,
retroperitoneal_hematoma,retroperitoneum,retroperitoneal_abnormality,,observation,,
retroperitoneal_hemorrhage,retroperitoneum,retroperitoneal_abnormality,,diagnosis,,
retroperitoneal_lipomatosis,retroperitoneum,retroperitoneal_abnormality,,diagnosis,,
retroperitoneal_metastasis,retroperitoneum,retroperitoneal_neoplasm,,diagnosis,,
retroperitoneal_sarcoma,retroperitoneum,retroperitoneal_neoplasm,,diagnosis,,
retroperitoneal_soft_tissue_nodule,retroperitoneum,retroperitoneal_abnormality,,observation,,
perirectal_mass,gastrointestinal_tract,large_bowel_abnormality,"Lesion in the perirectal space, mass in the perirectal space",observation,,
contrast_in_the_perirectal_space,gastrointestinal_tract,large_bowel_abnormality,,observation,,
perivesical_fluid_collection,urinary,bladder_abnormality,fluid in the prevesical space,observation,,
perivesical_mass,urinary,bladder_abnormality,"Lesion in the prevesical space, mass in the prevesical space",observation,,
contrast_in_the_prevesical_space,urinary,bladder_abnormality,,observation,,
vascular_abnormality,vascular,,Vasculature abnormality,,,OIFM_OIDM_066373
arterial_abnormality,vascular,vascular_abnormality,Artery abnormality,,,
venous_abnormality,vascular,vascular_abnormality,Vein abnormality,,,
pulmonary_vascular_abnormality,vascular,vascular_abnormality,,,,OIFM_OIDM_113221
vascular_anatomic_variant,vascular,,,,,OIFM_OIDM_390904
vascular_postsurgical_change,vascular,,,,,
ascending_aortic_repair,vascular,vascular_postsurgical_change,,observation,,OIFM_MGB_873965
arterial_anatomic_variant,vascular,vascular_anatomic_variant,,,,
arterial_calcification,vascular,arterial_abnormality,Arterial calcifications,observation,,OIFM_GMTS_022512
calcified_arterial_plaque,vascular,arterial_calcification,,observation,,
arterial_dissection,vascular,arterial_abnormality,,diagnosis,,OIFM_GMTS_022514
chronic_arterial_dissection,vascular,arterial_dissection,,diagnosis,,
arterial_aneurysm,vascular,vascular_aneurysm,,observation,,OIFM_GMTS_022510
fusiform_arterial_aneurysm,vascular,arterial_aneurysm,,observation,,
arterial_pseudoaneurysm,vascular,arterial_abnormality,,diagnosis,,
arterial_dilation,vascular,vascular_dilation,Arterial ectasia,observation,,
arterial_occlusion,vascular,vascular_occlusion,,observation,,OIFM_GMTS_022515
arterial_pseudo_occlusion,vascular,arterial_occlusion,,observation,,
critical_arterial_stenosis,vascular,arterial_stenosis,,observation,,
in_stent_arterial_restenosis,vascular,arterial_stenosis,,observation,,
arterial_embolus,vascular,arterial_abnormality,,diagnosis,,
arterial_air_embolus,vascular,arterial_embolus,,diagnosis,,
arterial_mural_thrombus,vascular,arterial_thrombus,,observation,,
arterial_intraluminal_filling_defect,vascular,vascular_intraluminal_filling_defect,,observation,,
arterial_intimal_flap,vascular,arterial_abnormality,,observation,,
arterial_intramural_hematoma,vascular,arterial_abnormality,IMH,observation,,
arterial_false_lumen,vascular,arterial_abnormality,,observation,,
arterial_true_lumen,vascular,arterial_abnormality,,observation,,
arterial_wall_enhancement,vascular,arterial_abnormality,,observation,,
arterial_wall_thickening,vascular,arterial_abnormality,,observation,,
arterial_traumatic_laceration,vascular,arterial_abnormality,,observation,,
arterial_contrast_extravasation,vascular,arterial_abnormality,,observation,,
arterial_vasospasm,vascular,arterial_abnormality,,observation,,
arterial_contour_beading,vascular,arterial_abnormality,Beaded arterial contour,observation,,
arterial_contour_irregularity,vascular,arterial_abnormality,Irregular arterial contour,observation,,
arterial_kinking,vascular,vascular_kinking,,observation,,
arterial_looping,vascular,arterial_abnormality,,observation,,
arterial_compression,vascular,vascular_compression,,observation,,
intramural_arterial_gas,vascular,arterial_abnormality,,observation,,
flow_related_arterial_artifact,artifact,flow_related_artifact,,observation,,
arteriovenous_fistula,vascular,vascular_abnormality,AVF,diagnosis,,
arteriovenous_malformation_component,vascular,vascular_abnormality,,observation,,
penetrating_atherosclerotic_ulcer,vascular,arterial_abnormality,PAU,observation,,
intraluminal_arterial_gas,vascular,arterial_abnormality,,observation,,
aberrant_arterial_origin,vascular,arterial_anatomic_variant,,observation,,
accessory_artery,vascular,arterial_anatomic_variant,,observation,,
accessory_renal_artery,vascular,accessory_artery,,observation,,
accessory_splenic_artery,vascular,accessory_artery,,observation,,
common_origin_of_inferior_phrenic_arteries,vascular,arterial_anatomic_variant,,observation,,
common_trunk_of_celiac_and_superior_mesenteric_artery,vascular,arterial_anatomic_variant,Celiomesenteric trunk,observation,,
early_bifurcation_of_renal_artery,vascular,arterial_anatomic_variant,,observation,,
high_bifurcation_of_common_iliac_arteries,vascular,arterial_anatomic_variant,,observation,,
low_aortic_bifurcation,vascular,arterial_anatomic_variant,,observation,,
arterial_anastomosis,vascular,vascular_postsurgical_change,,observation,,
arterial_bypass_graft,vascular,vascular_postsurgical_change,,observation,,
arterial_coil_embolization,vascular,vascular_postsurgical_change,,observation,,
arterial_endarterectomy,vascular,vascular_postsurgical_change,,observation,,
arterial_stent_placement,extrinsic,arterial_stent,,observation,,
arterial_filter_fragment,extrinsic,hardware_complication,,observation,,
fractured_arterial_device,extrinsic,hardware_complication,,observation,,
venous_anatomic_variant,vascular,vascular_anatomic_variant,,,,
venous_thrombosis,vascular,vascular_thrombosis,Acute venous thrombosis,diagnosis,,OIFM_GMTS_022559
chronic_venous_thrombosis,vascular,venous_thrombosis,,diagnosis,,
mixed_venous_thrombosis,vascular,venous_thrombosis,,diagnosis,,
catheter_associated_venous_thrombosis,vascular,venous_thrombosis,,diagnosis,,
recanalized_venous_segment,vascular,venous_abnormality,,observation,,
recanalized_paraumbilical_vein,vascular,recanalized_venous_segment,,observation,,
venous_aneurysm,vascular,vascular_aneurysm,,observation,,
venous_dilation,vascular,vascular_dilation,,observation,,
venous_stenosis,vascular,vascular_stenosis,,observation,,
in_stent_venous_restenosis,vascular,venous_stenosis,,observation,,
venous_kinking,vascular,vascular_kinking,,observation,,
venous_tortuosity,vascular,venous_abnormality,Tortuous vein,observation,,
non_opacified_venous_segment,vascular,venous_abnormality,,observation,,
venous_intraluminal_filling_defect,vascular,vascular_intraluminal_filling_defect,,observation,,
early_venous_drainage,vascular,venous_abnormality,,observation,,
flow_related_venous_artifact,artifact,flow_related_artifact,,observation,,
collateral_venous_formation,vascular,venous_abnormality,,observation,,
portosystemic_venous_collateral_formation,vascular,collateral_venous_formation,,observation,,
perivenous_fat_stranding,vascular,venous_abnormality,,observation,,
perivenous_hematoma,vascular,venous_abnormality,,observation,,
tumor_vessel_abutment,vascular,vascular_tumor_involvement,,observation,,
tumor_vessel_encasement,vascular,vascular_tumor_involvement,,observation,,
tumor_vessel_invasion,vascular,vascular_tumor_involvement,,observation,,
gonadal_vein_enlargement,vascular,venous_abnormality,Enlarged gonadal vein,observation,,
compression_of_left_renal_vein,vascular,venous_compression,Nutcracker syndrome sign,observation,,
compression_of_left_common_iliac_vein_by_right_common_iliac_artery,vascular,venous_compression,May-Thurner syndrome sign,observation,,
ivc_filter_migration,extrinsic,ivc_filter_complication,,observation,,
ivc_filter_strut_fracture,extrinsic,ivc_filter_complication,,observation,,
ivc_filter_tilt,extrinsic,ivc_filter_complication,,observation,,
ivc_filter_associated_venous_thrombosis,vascular,venous_thrombosis,,diagnosis,,
aberrant_origin_of_vein,vascular,venous_anatomic_variant,,observation,,
accessory_vein,vascular,venous_anatomic_variant,,observation,,
accessory_portal_vein,vascular,accessory_vein,,observation,,
duplicated_inferior_vena_cava,vascular,venous_anatomic_variant,Duplicated IVC,observation,,
left_sided_inferior_vena_cava,vascular,venous_anatomic_variant,Left-sided IVC,observation,,
circumaortic_left_renal_vein,vascular,venous_anatomic_variant,,observation,,
retroaortic_left_renal_vein,vascular,venous_anatomic_variant,,observation,,
fenestrated_femoral_vein,vascular,venous_anatomic_variant,,observation,,
fenestrated_iliac_vein,vascular,venous_anatomic_variant,,observation,,
venous_anastomosis,vascular,vascular_postsurgical_change,,observation,,
venous_bypass_graft,vascular,vascular_postsurgical_change,,observation,,
venous_embolization,vascular,vascular_postsurgical_change,,observation,,
venous_ligation,vascular,vascular_postsurgical_change,,observation,,
fractured_venous_stent,extrinsic,hardware_complication,,observation,,
pulmonary_vascular_anatomic_variant,vascular,vascular_anatomic_variant,,,,
aortic_coarctation,vascular,arterial_abnormality,,diagnosis,,
double_aortic_arch,vascular,arterial_abnormality,,diagnosis,,
incomplete_double_aortic_arch,vascular,double_aortic_arch,,diagnosis,,
aortic_aneurysm,vascular,arterial_aneurysm,,observation,,OIFM_GMTS_014057
aortic_atherosclerosis,vascular,arterial_atherosclerosis,,diagnosis,,OIFM_MGB_650866
aortic_dissection,vascular,arterial_dissection,,diagnosis,,OIFM_MSFT_573630
pulmonary_embolism,vascular,pulmonary_vascular_abnormality,"Pulmonary embolus,PE",diagnosis,,OIFM_MSFT_932618
pulmonary_thrombus,vascular,pulmonary_vascular_abnormality,,observation,,
pulmonary_artery_dilation,vascular,pulmonary_vascular_abnormality,"pulmonary trunk enlargement, main pulmonary artery enlargement, enlarged pulmonary trunk",observation,,
patent_ductus_arteriosus,vascular,pulmonary_vascular_abnormality,PDA,diagnosis,,
calcified_ligamentum_arteriosum,vascular,pulmonary_vascular_abnormality,,observation,,
aberrant_subclavian_artery,vascular,aortic_arch_variant,,observation,,
bovine_arch,vascular,aortic_arch_variant,,observation,,
right_aortic_arch,vascular,aortic_arch_variant,Right-sided aortic arch,observation,,
right_aortic_arch_with_aberrant_left_subclavian_artery,vascular,right_aortic_arch,,observation,,
persistent_left_svc,vascular,venous_anatomic_variant,Persistent left superior vena cava,observation,,
azygos_continuation_of_ivc,vascular,venous_anatomic_variant,,observation,,
hemiazygos_continuation_of_ivc,vascular,venous_anatomic_variant,,observation,,
pulmonary_sling,vascular,pulmonary_vascular_abnormality,,diagnosis,,
anomalous_pulmonary_venous_return,vascular,pulmonary_vascular_abnormality,,diagnosis,,
variant_pulmonary_vein_anatomy,vascular,pulmonary_vascular_anatomic_variant,,observation,,
lymph_node_abnormality,lymphatic,lymphatic_abnormality,,,,
lymph_node_postsurgical_change,lymphatic,,,,,
axillary_nodal_dissection,lymphatic,lymph_node_postsurgical_change,,observation,,OIFM_MGB_095083
mediastinal_lymph_node_enlargement,lymphatic,lymph_node_abnormality,Mediastinal lymphadenopathy,observation,,
diaphragmatic_lymph_node_enlargement,lymphatic,mediastinal_lymph_node_enlargement,,observation,,
internal_mammary_lymph_node_enlargement,lymphatic,mediastinal_lymph_node_enlargement,,observation,,
lymph_node_enlargement,lymphatic,lymph_node_abnormality,"Lymphadenopathy, Enlarged lymph node",observation,,
subcentimeter_lymph_node,lymphatic,lymph_node_abnormality,,observation,,
prominent_lymph_node,lymphatic,lymph_node_abnormality,,observation,,
calcified_lymph_node,lymphatic,lymph_node_abnormality,,observation,,
centrally_calcified_lymph_node,lymphatic,calcified_lymph_node,,observation,,
peripherally_calcified_lymph_node,lymphatic,calcified_lymph_node,Eggshell calcification,observation,,
central_necrotic_lymph_node,lymphatic,lymph_node_abnormality,Necrotic lymph node,observation,,
cystic_lymph_node,lymphatic,lymph_node_abnormality,,observation,,
hemorrhagic_lymph_node,lymphatic,lymph_node_abnormality,,observation,,
gas_containing_lymph_node,lymphatic,lymph_node_abnormality,,observation,,
rim_enhancing_lymph_node,lymphatic,lymph_node_abnormality,,observation,,
lymph_node_hyperenhancement,lymphatic,lymph_node_abnormality,Hyperenhancing lymph node,observation,,
lymph_node_hypoenhancement,lymphatic,lymph_node_abnormality,Hypoenhancing lymph node,observation,,
heterogeneously_enhancing_lymph_node,lymphatic,lymph_node_abnormality,,observation,,
homogeneously_enhancing_lymph_node,lymphatic,lymph_node_abnormality,,observation,,
ovoid_lymph_node_morphology,lymphatic,lymph_node_abnormality,,observation,,
rounded_lymph_node_morphology,lymphatic,lymph_node_abnormality,,observation,,
lymph_node_contour_irregularity,lymphatic,lymph_node_abnormality,Irregular lymph node contour,observation,,
lymph_node_with_preserved_fatty_hilum,lymphatic,lymph_node_abnormality,,observation,,
clustered_lymph_node,lymphatic,lymph_node_abnormality,Clustered lymph nodes,observation,,
matted_lymph_node,lymphatic,lymph_node_abnormality,Matted lymph nodes,observation,,
confluent_lymph_node_mass,lymphatic,lymph_node_abnormality,,observation,,
lymph_node_conglomerate,lymphatic,lymph_node_abnormality,Conglomerate lymph node mass,observation,,
lymph_node_chain_expansion,lymphatic,lymph_node_abnormality,,observation,,
lymph_node_displacement_of_adjacent_organ,lymphatic,lymph_node_abnormality,,observation,,
lymph_node_extrinsic_compression,lymphatic,lymph_node_abnormality,,observation,,
lymph_node_vascular_encasement,lymphatic,lymph_node_abnormality,,observation,,
spinal_abnormality,spine,,Spine abnormality,,,
spine_postsurgical_change,spine,,,,,
spinal_anatomic_variant,spine,,,,,
laminectomy,spine,spine_postsurgical_change,,observation,,
hemilaminectomy,spine,laminectomy,,observation,,
corpectomy,spine,spine_postsurgical_change,,observation,,
anterolisthesis,spine,vertebral_abnormality,,observation,,
retrolisthesis,spine,vertebral_abnormality,,observation,,
vertebral_endplate_degeneration,spine,vertebral_abnormality,Endplate degenerative changes,observation,,
diffuse_idiopathic_skeletal_hyperostosis,spine,vertebral_abnormality,DISH,diagnosis,,OIFM_OIDM_990401
scoliosis,spine,vertebral_abnormality,Scoliotic curvature,observation,,OIFM_CDE_000051
spinal_canal_narrowing,spine,central_canal_abnormality,Spinal canal stenosis,observation,,
vertebral_compression_fracture,spine,compression_fracture,"VCF,Vertebral compression deformity",observation,,OIFM_CDE_000230
burst_vertebral_fracture,spine,fracture,Burst fracture,observation,,
vertebral_hemangioma,spine,vertebral_abnormality,,diagnosis,,
schmorl_node,spine,vertebral_abnormality,,observation,,
scheuermanns_disease,spine,vertebral_abnormality,Scheuermann disease,diagnosis,,
h_shaped_vertebra,spine,spinal_anatomic_variant,H-shaped vertebrae,observation,,
rugger_jersey_spine,spine,vertebral_abnormality,,observation,,
physiologic_wedging_of_lower_thoracic_vertebrae,spine,spinal_anatomic_variant,,observation,,
posterior_rod_and_screw_fixation_hardware,spine,spine_postsurgical_change,,observation,,
disc_bulge,spine,intervertebral_disc_abnormality,Bulging disc,observation,,
disc_herniation,spine,intervertebral_disc_abnormality,"Herniated disc,HNP",observation,,
disc_space_narrowing,spine,intervertebral_disc_abnormality,Disc height loss,observation,,
intradiscal_gas,spine,intervertebral_disc_abnormality,"Vacuum disc phenomenon,Vacuum phenomenon,Gas in disc",observation,,
disc_calcification,spine,intervertebral_disc_abnormality,,observation,,
ligamentum_flavum_hypertrophy,spine,spinal_ligamentous_abnormality,Ligamentum flavum thickening,observation,,
ossification_of_posterior_longitudinal_ligament,spine,spinal_ligamentous_abnormality,OPLL,observation,,
ossification_of_ligamentum_flavum,spine,spinal_ligamentous_abnormality,OLF,observation,,
kyphotic_deformity,spine,vertebral_abnormality,Kyphosis,observation,,
spondylolysis,spine,vertebral_abnormality,"Pars defect,Pars interarticularis defect",observation,,
flowing_ossification,spine,vertebral_abnormality,Flowing anterior ossification,observation,,
vertebral_abnormality,spine,spinal_abnormality,Vertebra abnormality,,,
intervertebral_disc_abnormality,spine,spinal_abnormality,"Disc abnormality,Intervertebral disk abnormality",,,
central_canal_abnormality,spine,spinal_abnormality,Spinal canal abnormality,,,
spinal_cord_abnormality,spine,spinal_abnormality,Cord abnormality,,,
spinal_ligamentous_abnormality,spine,spinal_abnormality,,,,
osseous_abnormality,osseous,,Bone abnormality,,,OIFM_OIDM_164927
articular_surface_collapse,articular,articular_abnormality,Articular surface flattening,observation,,
osteoporosis,osseous,osseous_abnormality,,diagnosis,,
osteonecrosis,osseous,osseous_abnormality,"Avascular necrosis, AVN, Aseptic necrosis, Ischemic bone necrosis",diagnosis,,
osseous_postsurgical_change,osseous,,,,,OIFM_OIDM_671573
shoulder_arthroplasty,osseous,osseous_postsurgical_change,,,,
median_sternotomy,osseous,sternotomy,,observation,,OIFM_MGB_802796
orif_clavicle,osseous,open_reduction_internal_fixation,Clavicular ORIF,observation,,
orif_ribs,osseous,open_reduction_internal_fixation,,observation,,
distal_clavicular_resection,osseous,bone_resection,,observation,,
humeral_resurfacing_arthroplasty,osseous,shoulder_arthroplasty,,observation,,
anatomic_total_shoulder_arthroplasty,osseous,shoulder_arthroplasty,"Total shoulder arthroplasty, TSA, total shoulder arthroplasty",observation,,
reverse_total_shoulder_arthroplasty,osseous,shoulder_arthroplasty,,observation,,OIFM_OIDM_732793
latarjet_procedure,osseous,osseous_postsurgical_change,Latarjet,observation,,
partial_rib_resection,osseous,bone_resection,,observation,,
osseous_anatomic_variant,osseous,,,,,OIFM_OIDM_216407
pectus_carinatum,osseous,pectus_deformity,Pigeon chest,observation,,OIFM_GMTS_012667
pectus_excavatum,osseous,pectus_deformity,Funnel chest,observation,,OIFM_GMTS_012672
fracture,osseous,osseous_abnormality,,,,OIFM_OIDM_739317
bone_lesion,osseous,osseous_abnormality,,,,
bone_marrow_abnormality,osseous,osseous_abnormality,,,,
rib_fracture,osseous,fracture,,observation,,OIFM_MGB_944849
healed_rib_fracture,osseous,rib_fracture,,observation,,
clavicle_fracture,osseous,fracture,,observation,,OIFM_OIDM_842151
scapular_fracture,osseous,fracture,,observation,,
glenoid_fracture,osseous,fracture,,observation,,
sternal_fracture,osseous,fracture,,observation,,OIFM_MGB_969524
proximal_humerus_fracture,osseous,fracture,,observation,,
hill_sachs_fracture,osseous,fracture,,observation,,
compression_fracture,osseous,fracture,Compression deformity,observation,,
avulsion_fracture,osseous,fracture,,observation,,
stress_fracture,osseous,fracture,,diagnosis,,
pathologic_fracture,osseous,fracture,pathological fracture,diagnosis,,OIFM_GMTS_025744
lytic_bone_lesion,osseous,bone_lesion,"Lytic lesion,Osteolytic lesion",observation,,
sclerotic_bone_lesion,osseous,bone_lesion,"Sclerotic lesion,Osteosclerotic lesion,Blastic lesion,Sclerotic focus",observation,,
mixed_lytic_sclerotic_bone_lesion,osseous,bone_lesion,"mixed lytic and sclerotic lesion, mixed lytic sclerotic lesion",observation,,
bone_island,osseous,bone_lesion,Enostosis,observation,,
bone_metastasis,osseous,bone_neoplasm,Osseous metastasis,diagnosis,,
bone_sequestrum,osseous,bone_lesion,,observation,,OIFM_GMTS_010961
bone_involucrum,osseous,bone_lesion,,observation,,
fibrous_dysplasia,osseous,bone_lesion,,diagnosis,,OIFM_OIDM_341267
bone_infarct,osseous,osteonecrosis,,diagnosis,,OIFM_GMTS_010943
bone_marrow_hyperattenuation,osseous,bone_marrow_abnormality,Bone marrow hyperdensity,observation,,
bone_marrow_hypoattenuation,osseous,bone_marrow_abnormality,Bone marrow hypodensity,observation,,
cortical_disruption,osseous,cortical_abnormality,cortical breach,observation,,
cortical_erosion,osseous,cortical_abnormality,,observation,,
cortical_irregularity,osseous,cortical_abnormality,,observation,,
cortical_thickening,osseous,cortical_abnormality,,observation,,
periosteal_reaction,osseous,osseous_abnormality,,observation,,
osseous_bridging,osseous,osseous_abnormality,,observation,,
osteopenia,osseous,osseous_abnormality,"bone demineralization, demineralized bone, demineralized bones",observation,,
osteophyte,osseous,osseous_abnormality,"Osteophyte, Osteophyte spurring, osteophyte formation",observation,,
subchondral_cyst,articular,articular_abnormality,"Subchondral cyst, subchondral cyst formation",observation,,
subchondral_sclerosis,articular,articular_abnormality,,observation,,
comminuted_fracture,osseous,fracture,,observation,,
impacted_fracture,osseous,fracture,,observation,,
bifid_rib,osseous,osseous_anatomic_variant,Bifid ribs,observation,,OIFM_OIDM_824797
cervical_rib,osseous,osseous_anatomic_variant,,observation,,OIFM_CDE_000101
congenital_fusion_of_ribs,osseous,osseous_anatomic_variant,"rib synostosis, synostosis of ribs",observation,,
articular_abnormality,articular,,Joint abnormality,,,
joint_degeneration,articular,articular_abnormality,Joint degenerative changes,observation,,
joint_dislocation,articular,articular_abnormality,,observation,,
joint_effusion,articular,articular_abnormality,,observation,,OIFM_GMTS_012821
soft_tissue_abnormality,soft_tissue,,,,,OIFM_OIDM_221920
soft_tissue_postsurgical_change,soft_tissue,,,,,
thoracotomy,soft_tissue,soft_tissue_postsurgical_change,Postsurgical changes of thoracotomy,observation,,OIFM_OIDM_783133
video_assisted_thoracoscopic_surgery,soft_tissue,soft_tissue_postsurgical_change,"Video-assisted thoracic surgery, Postsurgical changes of VATS, vats",observation,,
mesh_hernia_repair,soft_tissue,soft_tissue_postsurgical_change,,observation,,
ventral_hernia_repair,soft_tissue,soft_tissue_postsurgical_change,,observation,,
soft_tissue_lesion,soft_tissue,soft_tissue_abnormality,,,,
soft_tissue_fluid_collection,soft_tissue,soft_tissue_abnormality,,,,
soft_tissue_edema,soft_tissue,soft_tissue_abnormality,,,,
soft_tissue_calcification,soft_tissue,soft_tissue_abnormality,,,,OIFM_GMTS_025786
lipoma,soft_tissue,soft_tissue_neoplasm,Soft tissue lipoma,diagnosis,,OIFM_MGB_269106
lymphangioma,soft_tissue,soft_tissue_lesion,,diagnosis,,
epidermal_inclusion_cyst,soft_tissue,soft_tissue_lesion,,diagnosis,,OIFM_MGB_603715
elastofibroma,soft_tissue,soft_tissue_neoplasm,,diagnosis,,
superficial_soft_tissue_lesion,soft_tissue,soft_tissue_lesion,Superficial soft tissue mass,observation,,
chest_wall_fluid_collection,soft_tissue,soft_tissue_fluid_collection,,observation,,
fascial_fluid_collection,soft_tissue,soft_tissue_fluid_collection,,observation,,
subcutaneous_fluid_collection,soft_tissue,soft_tissue_fluid_collection,,observation,,
subcutaneous_seroma,soft_tissue,soft_tissue_fluid_collection,,observation,,
subcutaneous_abscess,soft_tissue,soft_tissue_fluid_collection,,diagnosis,,
subcutaneous_hematoma,soft_tissue,soft_tissue_fluid_collection,,observation,,
muscle_hematoma,soft_tissue,soft_tissue_fluid_collection,,observation,,
chest_wall_edema,soft_tissue,soft_tissue_edema,,observation,,
fascial_edema,soft_tissue,soft_tissue_edema,,observation,,
subcutaneous_edema,soft_tissue,soft_tissue_edema,,observation,,
lymphedema,soft_tissue,soft_tissue_edema,,diagnosis,,OIFM_GMTS_022545
rotator_cuff_calcification,soft_tissue,soft_tissue_calcification,,observation,,
tumoral_calcinosis,soft_tissue,soft_tissue_calcification,tumoral_calcinosis_of_the_shoulder,diagnosis,,
subcutaneous_emphysema,soft_tissue,soft_tissue_abnormality,,observation,,OIFM_OIDM_755361
skin_thickening,soft_tissue,soft_tissue_abnormality,,observation,,
skin_ulceration,soft_tissue,soft_tissue_abnormality,,observation,,
muscle_contusion,soft_tissue,soft_tissue_abnormality,,observation,,
muscle_herniation,soft_tissue,soft_tissue_abnormality,,observation,,
muscle_laceration,soft_tissue,soft_tissue_abnormality,,observation,,
fascial_tear,soft_tissue,soft_tissue_abnormality,,observation,,
soft_tissue_necrosis,soft_tissue,soft_tissue_abnormality,,diagnosis,,
myositis,soft_tissue,soft_tissue_abnormality,,diagnosis,,
myositis_ossificans,soft_tissue,heterotopic_ossification,,diagnosis,,
necrotizing_fasciitis,soft_tissue,soft_tissue_abnormality,,diagnosis,,
cellulitis,soft_tissue,soft_tissue_abnormality,,diagnosis,,
panniculitis,soft_tissue,soft_tissue_abnormality,,diagnosis,,
heterotopic_ossification,soft_tissue,soft_tissue_abnormality,,diagnosis,,
atrophy_of_abdominal_musculature,soft_tissue,soft_tissue_abnormality,Abdominal muscle atrophy,observation,,
laxity_of_linea_alba,soft_tissue,soft_tissue_abnormality,laxity of the linea alba,observation,,
postoperative_abdominal_wall_fluid_collection,soft_tissue,soft_tissue_fluid_collection,,observation,,
rectus_sheath_abscess,soft_tissue,soft_tissue_fluid_collection,,diagnosis,,
rectus_sheath_fluid_collection,soft_tissue,soft_tissue_fluid_collection,,observation,,
rectus_sheath_hematoma,soft_tissue,soft_tissue_fluid_collection,,observation,,
perineal_abscess,soft_tissue,soft_tissue_abnormality,,diagnosis,,
perineal_fat_stranding,soft_tissue,soft_tissue_abnormality,,observation,,
perineal_fluid_collection,soft_tissue,soft_tissue_fluid_collection,,observation,,
perineal_mass,soft_tissue,soft_tissue_abnormality,Perineal lesion,observation,,
perineal_soft_tissue,soft_tissue,soft_tissue_abnormality,,observation,,
perineal_soft_tissue_gas,soft_tissue,soft_tissue_abnormality,,observation,,
abdominal_wall_hernia,soft_tissue,soft_tissue_abnormality,,observation,,
ventral_hernia,soft_tissue,abdominal_wall_hernia,,observation,,
umbilical_hernia,soft_tissue,abdominal_wall_hernia,,observation,,
paraumbilical_hernia,soft_tissue,abdominal_wall_hernia,Periumbilical hernia,observation,,
lumbar_hernia,soft_tissue,abdominal_wall_hernia,,observation,,
supraumbilical_hernia,soft_tissue,abdominal_wall_hernia,,observation,,
epigastric_hernia,soft_tissue,abdominal_wall_hernia,,observation,,
incisional_hernia,soft_tissue,abdominal_wall_hernia,,observation,,
spigelian_hernia,soft_tissue,abdominal_wall_hernia,,observation,,
parastomal_hernia,soft_tissue,abdominal_wall_hernia,,observation,,
direct_inguinal_hernia,soft_tissue,abdominal_wall_hernia,,observation,,
indirect_inguinal_hernia,soft_tissue,abdominal_wall_hernia,,observation,,
femoral_hernia,soft_tissue,abdominal_wall_hernia,,observation,,
de_garengeot_hernia,soft_tissue,femoral_hernia,,observation,,
obturator_hernia,soft_tissue,abdominal_wall_hernia,,observation,,
littre_hernia,soft_tissue,abdominal_wall_hernia,,observation,,
incarcerated_hernia,soft_tissue,abdominal_wall_hernia,,observation,,
obstructed_hernia,soft_tissue,abdominal_wall_hernia,,observation,,
strangulated_hernia,soft_tissue,abdominal_wall_hernia,,observation,,
richter_hernia,soft_tissue,abdominal_wall_hernia,,observation,,
sliding_hernia,soft_tissue,abdominal_wall_hernia,,observation,,
hardware,extrinsic,,,,,
breast_implant,extrinsic,hardware,,observation,,OIFM_MGB_654936
pacemaker,extrinsic,hardware,,observation,,OIFM_OIDM_976496
implantable_cardioverter_defibrillator,extrinsic,hardware,"ICD,AICD",observation,,OIFM_OIDM_758142
leadless_pacemaker,extrinsic,hardware,,observation,,OIFM_OIDM_732956
loop_recorder,extrinsic,hardware,,observation,,OIFM_MGB_093164
cutaneous_cardiac_rhythm_monitor,extrinsic,hardware,ZIO patch,observation,,
cardiomems_device,extrinsic,hardware,,observation,,
left_ventricular_assist_device,extrinsic,hardware,LVAD,observation,,
impella_device,extrinsic,hardware,,observation,,
arterial_stent,extrinsic,hardware,arterial stent placement,observation,,OIFM_MGB_512163
coronary_stent,extrinsic,hardware,Coronary artery stent,observation,,OIFM_MGB_177589
bronchial_stent,extrinsic,hardware,,observation,,OIFM_MGB_692734
esophageal_stent,extrinsic,hardware,,observation,,OIFM_MGB_674048
tracheal_stent,extrinsic,hardware,,observation,,OIFM_MGB_235469
ivc_filter,extrinsic,hardware,Inferior vena cava filter,observation,,
neurostimulator_device,extrinsic,hardware,,observation,,OIFM_MGB_909251
patent_foramen_ovale_closure_device,extrinsic,transcatheter_occluder_device,PFO closure device,observation,,
left_atrial_appendage_closure_device,extrinsic,transcatheter_occluder_device,Watchman device,observation,,
left_atrial_appendage_occlusion_device,extrinsic,hardware,AtriClip,observation,,OIFM_MGB_665120
endobronchial_valve,extrinsic,hardware,,observation,,
bronchial_plug,extrinsic,hardware,,observation,,
posterior_rod_and_screw_fixation,extrinsic,hardware,,observation,,
harrington_and_luque_rods,extrinsic,hardware,,observation,,
cotrel_dubousset_system,extrinsic,hardware,CD system,observation,,
support_apparatus,extrinsic,,,,,OIFM_OIDM_591054
central_venous_catheter,extrinsic,support_apparatus,"CVC, central venous catheter placement",observation,,OIFM_OIDM_205545
chest_tube,extrinsic,support_apparatus,Pleural drain,observation,,OIFM_OIDM_302188
endotracheal_tube,extrinsic,support_apparatus,ETT,observation,,OIFM_OIDM_885204
extracorporeal_membrane_oxygenation_cannula,extrinsic,support_apparatus,ECMO cannula,observation,,
gastrostomy_tube,extrinsic,support_apparatus,G-tube,observation,,OIFM_OIDM_766756
non_tunneled_central_venous_catheter,extrinsic,central_venous_catheter,,observation,,
percutaneous_drainage_catheter,extrinsic,support_apparatus,,observation,,OIFM_MGB_875105
peripherally_inserted_central_catheter,extrinsic,central_venous_catheter,PICC,observation,,
pulmonary_artery_catheter,extrinsic,support_apparatus,Swan-Ganz catheter,observation,,
tracheostomy_tube,extrinsic,support_apparatus,,observation,,OIFM_MGB_132320
tunneled_central_venous_catheter,extrinsic,central_venous_catheter,Hickman,observation,,
tunneled_port_catheter,extrinsic,central_venous_catheter,"Port-a-cath, Chest port, Infusion port catheter, Chest wall chemo port, mediport, port catheter",observation,,
ventricular_shunt_catheter,extrinsic,support_apparatus,,observation,,
foreign_body,extrinsic,,,,,OIFM_OIDM_031030
skin_staple,extrinsic,hardware,,observation,,
surgical_clip,extrinsic,hardware,,observation,,
artifact,artifact,,Image artifact,,,OIFM_OIDM_334144
image_quality_issue,image_quality,,,,,
hemothorax,pleura,pleural_abnormality,,diagnosis,,OIFM_GMTS_015952
chylothorax,pleura,pleural_abnormality,,diagnosis,,OIFM_GMTS_015960
empyema,pleura,pleural_abnormality,Pleural empyema,diagnosis,,
hydropneumothorax,pleura,pleural_abnormality,,observation,,
tension_pneumothorax,pleura,pneumothorax,,diagnosis,,OIFM_OIDM_440635
thickening_of_fissure,pleura,pleural_thickening,,observation,,
apical_cap,pleura,pleural_thickening,,observation,,
pleural_calcification,pleura,pleural_abnormality,Pleural-based calcification,observation,,OIFM_GMTS_016017
pleural_plaque,pleura,pleural_abnormality,,observation,,
pleural_nodule,pleura,pleural_lesion,Pleural-based nodule,observation,,OIFM_OIDM_621745
mesothelioma,pleura,pleural_neoplasm,"Malignant pleural mesothelioma, MPM",diagnosis,,
pleural_metastasis,pleura,pleural_neoplasm,"Pleural metastatic disease, Pleural metastases",diagnosis,,
solitary_fibrous_tumor_of_pleura,pleura,pleural_neoplasm,"Localized fibrous tumor of pleura, Pleural SFT",diagnosis,,
pleural_postsurgical_change,pleura,,,,,
pleurodesis,pleura,pleural_postsurgical_change,,observation,,
mediastinal_anatomic_variant,mediastinum,,,,,
diaphragmatic_eventration,diaphragm,diaphragmatic_abnormality,,observation,,OIFM_OIDM_483201
ground_glass_opacity,lung,lung_abnormality,"GGO,Groundglass opacity,Groundglass opacification",observation,,
atelectasis,lung,lung_abnormality,Collapse,observation,,OIFM_OIDM_041735
rounded_atelectasis,lung,atelectasis,"Folded lung, round atelectasis",observation,,
mosaic_attenuation,lung,lung_abnormality,Mosaic attenuation pattern,observation,,
architectural_distortion,lung,lung_abnormality,,observation,,
crazy_paving,lung,lung_abnormality,Crazy-paving pattern,observation,,
miliary_nodularity,lung,lung_abnormality,Miliary pattern,observation,,
parenchymal_band,lung,lung_abnormality,,observation,,
volume_loss,lung,lung_abnormality,,observation,,OIFM_OIDM_071216
bulla,lung,lung_abnormality,,observation,,OIFM_OIDM_072940
bleb,lung,lung_abnormality,,observation,,
pneumatocele,lung,lung_abnormality,,observation,,
pulmonary_mass,lung,pulmonary_lesion,Lung mass,observation,,OIFM_OIDM_135648
mycetoma,lung,pulmonary_lesion,Fungus ball,diagnosis,,
pulmonary_metastasis,lung,pulmonary_neoplasm,Lung metastasis,diagnosis,,
centrilobular_emphysema,lung,emphysema,Centriacinar emphysema,observation,,
panlobular_emphysema,lung,emphysema,Panacinar emphysema,observation,,
paraseptal_emphysema,lung,emphysema,Distal acinar emphysema,observation,,
pneumonia,lung,lung_abnormality,,diagnosis,,OIFM_CDE_000076
pneumonitis,lung,lung_abnormality,,diagnosis,,
aspiration,lung,lung_abnormality,Aspiration pneumonia,diagnosis,,OIFM_OIDM_556992
pulmonary_infarct,lung,lung_abnormality,Pulmonary infarction,diagnosis,,
pulmonary_edema,lung,lung_abnormality,"fluid overload, volume overload",diagnosis,,OIFM_GMTS_014286
interstitial_lung_disease,lung,lung_abnormality,ILD,diagnosis,,
pulmonary_fibrosis,lung,interstitial_lung_disease,Lung fibrosis,diagnosis,,
asbestosis,lung,pulmonary_fibrosis,,diagnosis,,
organizing_pneumonia,lung,interstitial_lung_disease,"OP, BOOP",diagnosis,,
interstitial_lung_abnormality,lung,lung_abnormality,ILA,diagnosis,,
bronchomalacia,airway,bronchial_abnormality,,diagnosis,,
bronchocele,airway,bronchial_abnormality,,observation,,
broncholith,airway,bronchial_abnormality,,observation,,
bronchopleural_fistula,airway,bronchial_abnormality,BPF,diagnosis,,
traction_bronchiolectasis,airway,bronchiolectasis,,observation,,
small_airways_disease,airway,airway_abnormality,,diagnosis,,
pulmonary_neoplasm,lung,pulmonary_lesion,,,,
lung_cancer,lung,pulmonary_neoplasm,"Bronchogenic carcinoma, Lung carcinoma, primary lung cancer",diagnosis,,
pulmonary_carcinoid,lung,pulmonary_neoplasm,"Carcinoid tumor, Bronchial carcinoid",diagnosis,,
subsolid_nodule,lung,pulmonary_nodule,,observation,,
part_solid_nodule,lung,subsolid_nodule,,observation,,
ground_glass_nodule,lung,subsolid_nodule,"GGN,Non-solid nodule,Groundglass nodule",observation,,
reticulonodular_opacity,lung,lung_abnormality,Reticulonodular pattern,observation,,
three_attenuation_pattern,lung,lung_abnormality,Headcheese sign,observation,,
nonspecific_interstitial_pneumonia,lung,interstitial_lung_disease,NSIP,diagnosis,,
desquamative_interstitial_pneumonia,lung,interstitial_lung_disease,"DIP,Alveolar macrophage pneumonia",diagnosis,,
respiratory_bronchiolitis_interstitial_lung_disease,lung,interstitial_lung_disease,RB-ILD,diagnosis,,
idiopathic_pulmonary_fibrosis,lung,pulmonary_fibrosis,IPF,diagnosis,,
hypersensitivity_pneumonitis,lung,interstitial_lung_disease,HP,diagnosis,,OIFM_GMTS_015054
sarcoidosis,systemic_disease,systemic_disease,,diagnosis,,
lymphangioleiomyomatosis,lung,lung_abnormality,LAM,diagnosis,,
pulmonary_langerhans_cell_histiocytosis,lung,lung_abnormality,"PLCH, Pulmonary LCH",diagnosis,,
allergic_bronchopulmonary_aspergillosis,airway,bronchial_abnormality,ABPA,diagnosis,,
lymphangitic_carcinomatosis,lung,pulmonary_metastasis,"Lymphangitic spread, Lymphangitic metastasis, Lymphangitic tumor spread",diagnosis,,
pulmonary_contusion,lung,lung_abnormality,,observation,,OIFM_OIDM_582211
pulmonary_laceration,lung,lung_abnormality,,observation,,OIFM_OIDM_580164
septic_pulmonary_embolism,lung,lung_abnormality,"Septic emboli, Septic pulmonary emboli",diagnosis,,
non_small_cell_lung_carcinoma,lung,lung_cancer,NSCLC,diagnosis,,
lung_adenocarcinoma,lung,non_small_cell_lung_carcinoma,Adenocarcinoma,diagnosis,,
lung_squamous_cell_carcinoma,lung,non_small_cell_lung_carcinoma,Squamous cell carcinoma,diagnosis,,
large_cell_lung_carcinoma,lung,non_small_cell_lung_carcinoma,Large cell carcinoma,diagnosis,,
small_cell_lung_carcinoma,lung,lung_cancer,"SCLC, Oat cell carcinoma",diagnosis,,
acute_interstitial_pneumonia,lung,interstitial_lung_disease,"AIP, Hamman-Rich syndrome",diagnosis,,
lymphoid_interstitial_pneumonia,lung,pulmonary_lymphoproliferative_disease,LIP,diagnosis,,
tracheal_adenoid_cystic_carcinoma,airway,tracheal_lesion,Adenoid cystic carcinoma,diagnosis,,
tracheal_squamous_cell_carcinoma,airway,tracheal_lesion,Tracheal squamous cell carcinoma,diagnosis,,
micronodule,lung,pulmonary_nodule,,observation,,
solid_nodule,lung,pulmonary_nodule,Solid pulmonary nodule,observation,,
perifissural_nodule,lung,pulmonary_nodule,Perifissural nodularity,observation,,
centrilobular_nodule,lung,pulmonary_nodule,,observation,,
nodular_opacity,lung,airspace_opacity,,observation,,
subpleural_curvilinear_line,lung,curvilinear_opacity,,observation,,
intralobular_line,lung,lung_abnormality,Intralobular lines,observation,,
invasive_pulmonary_aspergillosis,lung,lung_abnormality,"Angioinvasive aspergillosis,Invasive aspergillosis",diagnosis,,
pulmonary_hemorrhage,lung,lung_abnormality,"Diffuse alveolar hemorrhage,DAH",diagnosis,,
linear_atelectasis,lung,atelectasis,"Discoid atelectasis,Platelike atelectasis,Plate atelectasis",observation,,
compressive_atelectasis,lung,atelectasis,,observation,,
passive_atelectasis,lung,atelectasis,relaxation atelectasis,observation,,
obstructive_atelectasis,lung,atelectasis,,observation,,
arterial_stenosis,vascular,vascular_stenosis,,observation,,OIFM_OIDM_571942
pulmonary_perfusion_defect,vascular,pulmonary_vascular_abnormality,,observation,,
mediastinal_shift,mediastinum,mediastinal_abnormality,mediastinal deviation,observation,,OIFM_GMTS_015800
esophageal_duplication_cyst,mediastinum,mediastinal_cyst,,diagnosis,,
spinal_degeneration,spine,spinal_abnormality,"Spondylosis, Skeletal degenerative changes, Spinal degenerative changes",observation,,
motion_artifact,artifact,artifact,Respiratory motion,observation,,OIFM_OIDM_659997
limited_examination,image_quality,image_quality_issue,"suboptimal examination, technically limited examination",observation,,
anasarca,soft_tissue,soft_tissue_edema,,observation,,
cardiac_valve_repair,cardiac,cardiac_postsurgical_change,,observation,,
lung_herniation,lung,lung_abnormality,,observation,,
metastatic_pulmonary_calcification,lung,lung_abnormality,,diagnosis,,
lung_transplant,lung,lung_postsurgical_change,,observation,,OIFM_OIDM_192483
radiation_pneumonitis,lung,pneumonitis,,diagnosis,,
pulmonary_granuloma,lung,pulmonary_lesion,Granuloma,diagnosis,,
bronchitis,airway,bronchial_abnormality,Chronic bronchitis,diagnosis,,
pulmonary_hypertension,vascular,pulmonary_vascular_abnormality,PH,diagnosis,,OIFM_GMTS_022551
pulmonary_arteriovenous_malformation,vascular,pulmonary_vascular_abnormality,Pulmonary AVM,diagnosis,,
clamshell_sternotomy,osseous,sternotomy,,observation,,OIFM_OIDM_143698
colonic_interposition,gastrointestinal_tract,esophageal_postsurgical_change,,observation,,
hilar_lymph_node_enlargement,lymphatic,lymph_node_abnormality,"Hilar lymphadenopathy,Hilar adenopathy",observation,,
enteric_tube,extrinsic,support_apparatus,"Nasogastric tube,Nasoenteric tube",observation,,OIFM_OIDM_590312
chest_wall_fat_stranding,soft_tissue,soft_tissue_abnormality,,observation,,
multiple_myeloma,systemic_disease,malignancy,,diagnosis,,OIFM_OIDM_048062
transdiaphragmatic_hepatic_herniation,diaphragm,diaphragmatic_hernia,,observation,,
dendriform_pulmonary_ossification,lung,lung_abnormality,Dendriform ossification,observation,,
nontuberculous_mycobacterial_infection,lung,lung_abnormality,"Atypical mycobacterial infection, NTM",diagnosis,,
bronchiolitis_obliterans,airway,small_airways_disease,"Obliterative bronchiolitis, Constrictive bronchiolitis",diagnosis,,
lingulectomy,lung,pulmonary_resection,,observation,,
mitral_annular_calcification,cardiac,annular_calcification,"annular calcification of the mitral valve, mitral valve annular calcification",observation,,OIFM_OIDM_159498
caseous_mitral_annular_calcification,cardiac,mitral_annular_calcification,Caseous MAC,observation,,
left_ventricular_outflow_tract_calcification,cardiac,cardiac_calcification,LVOT calcification,observation,,
compensatory_hyperinflation,lung,lung_abnormality,Compensatory overinflation,observation,,
thymic_epithelial_tumor,mediastinum,mediastinal_lesion,,,,
thymoma,mediastinum,thymic_epithelial_tumor,,diagnosis,,
thymic_carcinoma,mediastinum,thymic_epithelial_tumor,,diagnosis,,
thymic_hyperplasia,mediastinum,mediastinal_lesion,,diagnosis,,
mediastinal_germ_cell_tumor,mediastinum,mediastinal_lesion,,,,
mediastinal_teratoma,mediastinum,mediastinal_germ_cell_tumor,,diagnosis,,
mediastinal_seminoma,mediastinum,mediastinal_germ_cell_tumor,,diagnosis,,
neurogenic_tumor,mediastinum,mediastinal_lesion,,,,
schwannoma,mediastinum,neurogenic_tumor,Neurilemmoma,diagnosis,,
neurofibroma,mediastinum,neurogenic_tumor,,diagnosis,,
ganglioneuroma,mediastinum,neurogenic_tumor,,diagnosis,,
neuroblastoma,mediastinum,neurogenic_tumor,,diagnosis,,
paraganglioma,mediastinum,neurogenic_tumor,,diagnosis,,
mediastinal_lymphoma,mediastinum,mediastinal_lesion,,diagnosis,,
extramedullary_hematopoiesis,mediastinum,mediastinal_lesion,EMH,diagnosis,,
thymic_cyst,mediastinum,mediastinal_cyst,,diagnosis,,
arterial_atherosclerosis,vascular,arterial_abnormality,,diagnosis,,
aortic_dilation,vascular,arterial_dilation,,observation,,OIFM_OIDM_787784
left_vertebral_artery_aortic_arch_origin,vascular,aortic_arch_variant,"left vertebral artery arising from aortic arch,left vertebral artery arch origin",observation,,
compression_of_left_brachiocephalic_vein,vascular,venous_compression,aortosternal venous compression,observation,,
brachiocephalic_vein_hypoplasia,vascular,venous_anatomic_variant,"brachiocephalic vein hypoplasia, Hypoplastic brachiocephalic vein",observation,,
venous_compression,vascular,vascular_compression,,observation,,
vascular_aneurysm,vascular,vascular_abnormality,,observation,,
vascular_dilation,vascular,vascular_abnormality,,observation,,
vascular_stenosis,vascular,vascular_abnormality,,observation,,
vascular_compression,vascular,vascular_abnormality,,observation,,
vascular_kinking,vascular,vascular_abnormality,,observation,,
vascular_intraluminal_filling_defect,vascular,vascular_abnormality,,observation,,
vascular_tumor_involvement,vascular,vascular_abnormality,,observation,,
ivc_filter_complication,extrinsic,hardware_complication,,,,
aortic_arch_variant,vascular,arterial_anatomic_variant,,,,OIFM_OIDM_186538
vascular_thrombus,vascular,vascular_intraluminal_filling_defect,,observation,,
arterial_thrombus,vascular,vascular_thrombus,,observation,,
venous_thrombus,vascular,vascular_thrombus,,observation,,
vascular_thrombosis,vascular,vascular_abnormality,,diagnosis,,
arterial_thrombosis,vascular,vascular_thrombosis,,diagnosis,,
vascular_occlusion,vascular,vascular_abnormality,,observation,,
venous_occlusion,vascular,vascular_occlusion,,observation,,OIFM_GMTS_022558
chondrocalcinosis,articular,articular_abnormality,,observation,,OIFM_GMTS_012919
calcific_tendinopathy,soft_tissue,soft_tissue_abnormality,"Calcific tendinosis,Calcific tendinitis",diagnosis,,
bursitis,soft_tissue,soft_tissue_abnormality,,diagnosis,,
bursal_distension,soft_tissue,soft_tissue_abnormality,,observation,,
synovitis,articular,articular_abnormality,,diagnosis,,
synovial_thickening,articular,articular_abnormality,,observation,,
tracheobronchomegaly,airway,airway_abnormality,,observation,,OIFM_GMTS_022618
biliary_sludge,hepatobiliary,bile_duct_abnormality,,observation,,
parapelvic_cyst,urinary,renal_cyst,,observation,,
pneumonectomy,lung,pulmonary_resection,,observation,,OIFM_OIDM_206173
sublobar_resection,lung,pulmonary_resection,,observation,,
talc_pleurodesis,pleura,pleurodesis,,observation,,
nissen_fundoplication,gastrointestinal_tract,esophageal_postsurgical_change,,observation,,
levoscoliosis,spine,scoliosis,"Levoconvex scoliosis,Levoconvex curvature",observation,,
dextroscoliosis,spine,scoliosis,"Dextroconvex scoliosis,Dextroconvex curvature",observation,,
pulmonary_cavitation,lung,lung_abnormality,"Pulmonary cavity,Cavitary lesion",observation,,
respiratory_bronchiolitis,airway,small_airways_disease,RB,diagnosis,,
smoking_related_interstitial_fibrosis,lung,interstitial_lung_disease,SRIF,diagnosis,,
fat_necrosis,soft_tissue,soft_tissue_abnormality,,diagnosis,,
mosaic_perfusion,lung,mosaic_attenuation,"Mosaic perfusion pattern,Perfusion mosaicism",observation,,
meningothelial_like_nodule,lung,pulmonary_neoplasm,"Minute pulmonary meningothelial-like nodule,MPMN",diagnosis,,
pulmonary_lymphoproliferative_disease,lung,interstitial_lung_disease,,diagnosis,,
follicular_bronchiolitis,lung,pulmonary_lymphoproliferative_disease,,diagnosis,,
micronodular_pneumocyte_hyperplasia,lung,lung_abnormality,"MMPH,Multifocal micronodular pneumocyte hyperplasia",diagnosis,,
pulmonary_fungal_infection,lung,lung_abnormality,,,,
histoplasmosis,lung,pulmonary_fungal_infection,,diagnosis,,
coccidioidomycosis,lung,pulmonary_fungal_infection,Valley fever,diagnosis,,
mucormycosis,lung,pulmonary_fungal_infection,,diagnosis,,
primary_bone_tumor,osseous,bone_neoplasm,,,,
chondrogenic_tumor,osseous,primary_bone_tumor,,,,
chondroid_lesion,osseous,chondrogenic_tumor,Cartilaginous lesion,observation,,
enchondroma,osseous,chondrogenic_tumor,,diagnosis,,
chondrosarcoma,osseous,chondrogenic_tumor,,diagnosis,,OIFM_GMTS_011366
chordoma,osseous,primary_bone_tumor,,diagnosis,,
chondroid_matrix_mineralization,osseous,osseous_abnormality,Rings-and-arcs calcification,observation,,
endosteal_scalloping,osseous,osseous_abnormality,,observation,,
bone_expansion,osseous,osseous_abnormality,,observation,,
extraosseous_soft_tissue_extension,osseous,osseous_abnormality,,observation,,
curvilinear_opacity,lung,lung_abnormality,,observation,,
endovascular_aortic_repair,vascular,vascular_postsurgical_change,"EVAR,TEVAR,Aortic stent graft,Aortic endograft",observation,,
partial_anomalous_pulmonary_venous_return,vascular,anomalous_pulmonary_venous_return,PAPVR,diagnosis,,
vasculitis,vascular,arterial_abnormality,,diagnosis,,
chronic_thromboembolic_pulmonary_hypertension,vascular,pulmonary_hypertension,CTEPH,diagnosis,,
aortic_rupture,vascular,arterial_abnormality,,diagnosis,,
pulmonary_artery_aneurysm,vascular,pulmonary_vascular_abnormality,,observation,,OIFM_GMTS_013911
blood_flow_redistribution,vascular,pulmonary_vascular_abnormality,"Pulmonary vascular redistribution,Cephalization",observation,,
pulmonary_venous_congestion,vascular,pulmonary_vascular_abnormality,Pulmonary vascular congestion,observation,,
oligemia,vascular,pulmonary_vascular_abnormality,Oligaemia,observation,,
nodal_metastasis,lymphatic,lymph_node_abnormality,"Metastatic lymphadenopathy,Metastatic adenopathy,Nodal metastatic disease",diagnosis,,
reactive_lymphadenopathy,lymphatic,lymph_node_abnormality,"Reactive adenopathy,Reactive lymph nodes",diagnosis,,
systemic_disease,systemic_disease,,,,,
malignancy,systemic_disease,systemic_disease,,,,
metastatic_disease,systemic_disease,malignancy,"Mets, metastatic deposit, metastatic focus",diagnosis,,
lymphoma,systemic_disease,malignancy,,diagnosis,,
leukemia,systemic_disease,malignancy,,diagnosis,,
cystic_fibrosis,systemic_disease,systemic_disease,CF,diagnosis,,OIFM_OIDM_296060
sickle_cell_disease,systemic_disease,systemic_disease,"Sickle cell anemia,SCD",diagnosis,,
amyloidosis,systemic_disease,systemic_disease,,diagnosis,,
graft_versus_host_disease,systemic_disease,systemic_disease,GVHD,diagnosis,,
igg4_related_disease,systemic_disease,systemic_disease,IgG4-related sclerosing disease,diagnosis,,
pulmonary_arterial_hypertension,vascular,pulmonary_hypertension,"PAH,WHO Group 1 pulmonary hypertension",diagnosis,,
ankylosing_spondylitis,systemic_disease,systemic_disease,AS,diagnosis,,
ankylosis,articular,articular_abnormality,,observation,,
articular_erosion,articular,articular_abnormality,,observation,,
syndesmophyte,spine,vertebral_abnormality,,observation,,
vertebral_body_squaring,spine,vertebral_abnormality,Vertebral squaring,observation,,
enthesophyte,osseous,osseous_abnormality,,observation,,
double_curve_scoliosis,spine,scoliosis,"Double curve,S-shaped scoliosis,S-shaped curve",observation,,
expiratory_central_airway_collapse,airway,airway_abnormality,,,,
excessive_dynamic_airway_collapse,airway,expiratory_central_airway_collapse,EDAC,diagnosis,,
transcatheter_occluder_device,extrinsic,hardware,Occluder device,observation,,
atrial_septal_defect_closure_device,extrinsic,transcatheter_occluder_device,"ASD closure device, asd closure device",observation,,
head_neck_abnormality,head_neck,,,,,
salivary_gland_abnormality,head_neck,head_neck_abnormality,,,,OIFM_GMTS_009103
pharyngeal_abnormality,head_neck,head_neck_abnormality,,,,
laryngeal_abnormality,head_neck,head_neck_abnormality,,,,
salivary_gland_postsurgical_change,head_neck,,,,,
sialolith,head_neck,salivary_gland_abnormality,"Salivary gland calculus,Salivary stone",observation,,
parotidectomy,head_neck,salivary_gland_postsurgical_change,,observation,,
palatine_tonsillolith,head_neck,pharyngeal_abnormality,"Tonsillolith,Tonsil stone",observation,,
vocal_cord_paralysis,head_neck,laryngeal_abnormality,Vocal fold paralysis,observation,,
calvarial_fracture,osseous,fracture,Cranial vault fracture,observation,,OIFM_OIDM_922215
amyloid_arthropathy,articular,articular_abnormality,,diagnosis,,
post_transplant_lymphoproliferative_disorder,systemic_disease,malignancy,PTLD,diagnosis,,
rheumatoid_arthritis,systemic_disease,systemic_disease,RA,diagnosis,,
urinary_anatomic_variant,urinary,,,,,
hepatobiliary_anatomic_variant,hepatobiliary,,,,,
hepatobiliary_postsurgical_change,hepatobiliary,,,,,
female_reproductive_anatomic_variant,female_reproductive,,,,,
female_reproductive_postsurgical_change,female_reproductive,,,,,
gastrointestinal_tract_postsurgical_change,gastrointestinal_tract,,,,,
gastrointestinal_tract_anatomic_variant,gastrointestinal_tract,,,,,
male_reproductive_anatomic_variant,male_reproductive,,,,,
bowel_postsurgical_change,gastrointestinal_tract,gastrointestinal_tract_postsurgical_change,,,,
bowel_anatomic_variant,gastrointestinal_tract,gastrointestinal_tract_anatomic_variant,,,,
large_bowel_postsurgical_change,gastrointestinal_tract,bowel_postsurgical_change,,,,
large_bowel_anatomic_variant,gastrointestinal_tract,bowel_anatomic_variant,,,,
biliary_ductal_dilation,hepatobiliary,bile_duct_abnormality,"biliary ductal dilatation, bile duct dilation, biliary dilatation",observation,,
cholangitis,hepatobiliary,bile_duct_abnormality,,diagnosis,,
cholecystitis,hepatobiliary,gallbladder_abnormality,,diagnosis,,OIFM_GMTS_000570
gallbladder_wall_abnormality,hepatobiliary,gallbladder_abnormality,,,,
perinephric_fat_stranding,urinary,renal_abnormality,Perinephric stranding,observation,,
pyelonephritis,urinary,renal_abnormality,,diagnosis,,
renal_infarct,urinary,renal_abnormality,Renal infarction,diagnosis,,
cystitis,urinary,bladder_wall_abnormality,,diagnosis,,OIFM_GMTS_017282
radiation_cystitis,urinary,cystitis,"radiation-induced cystitis, post-radiation cystitis",diagnosis,,
bladder_rupture,urinary,bladder_abnormality,"Bladder laceration,Bladder wall perforation",observation,,
salpingo_oophorectomy,female_reproductive,adnexal_postsurgical_change,,observation,,
uterine_enlargement,female_reproductive,uterine_abnormality,,observation,,
cesarean_section,female_reproductive,uterine_postsurgical_change,C-section,observation,,
myomectomy,female_reproductive,uterine_postsurgical_change,,observation,,
splenic_calcification,spleen,splenic_abnormality,,observation,,OIFM_GMTS_022455
urinary_diversion,urinary,urinary_postsurgical_change,,,,
ovarian_neoplasm,female_reproductive,ovarian_lesion,,,,
ovarian_cystic_lesion,female_reproductive,ovarian_lesion,ovarian cyst,,,
renal_neoplasm,urinary,renal_lesion,,,,
splenic_neoplasm,spleen,splenic_lesion,,,,
bladder_neoplasm,urinary,bladder_lesion,"bladder cancer, bladder malignancy, bladder tumor",,,
uterine_lesion,female_reproductive,uterine_abnormality,Uterine mass,,,
uterine_cervix_neoplasm,female_reproductive,uterine_cervix_lesion,,,,
hepatic_hyperattenuating_lesion,hepatobiliary,hepatic_lesion,Hepatic hyperdensity,observation,,
early_portal_venous_opacification,hepatobiliary,hepatic_vascular_abnormality,,observation,,
joint_space_narrowing,articular,articular_abnormality,,observation,,
osteoarthritis,articular,articular_abnormality,"OA, Degenerative joint disease, DJD",diagnosis,,
small_bowel_adenocarcinoma,gastrointestinal_tract,small_bowel_neoplasm,,diagnosis,,
small_bowel_carcinoid_tumor,gastrointestinal_tract,small_bowel_neoplasm,,diagnosis,,
small_bowel_diverticulitis,gastrointestinal_tract,small_bowel_abnormality,,diagnosis,,
small_bowel_diverticulum,gastrointestinal_tract,small_bowel_abnormality,,observation,,OIFM_GMTS_000705
small_bowel_mucosal_fold_enlargement,gastrointestinal_tract,small_bowel_abnormality,,observation,,
small_bowel_gastrointestinal_stromal_tumor,gastrointestinal_tract,small_bowel_neoplasm,,diagnosis,,
small_bowel_intraluminal_lesion,gastrointestinal_tract,small_bowel_lesion,,observation,,
small_bowel_lipoma,gastrointestinal_tract,small_bowel_neoplasm,,diagnosis,,
small_bowel_lymphoma,gastrointestinal_tract,small_bowel_neoplasm,small bowel lymphomatous involvement,diagnosis,,
perienteric_abscess,gastrointestinal_tract,small_bowel_abnormality,,diagnosis,,
perienteric_fat_stranding,gastrointestinal_tract,small_bowel_abnormality,,observation,,
perienteric_hematoma,gastrointestinal_tract,small_bowel_abnormality,,observation,,
small_bowel_polyp,gastrointestinal_tract,small_bowel_lesion,,observation,,
small_bowel_stricture,gastrointestinal_tract,small_bowel_caliber_abnormality,,observation,,
small_bowel_ulcer,gastrointestinal_tract,small_bowel_abnormality,,observation,,
large_bowel_course_abnormality,gastrointestinal_tract,large_bowel_abnormality,,observation,,
large_bowel_adenocarcinoma,gastrointestinal_tract,large_bowel_neoplasm,,diagnosis,,
large_bowel_carcinoid_tumor,gastrointestinal_tract,large_bowel_neoplasm,,diagnosis,,
large_bowel_contraction,gastrointestinal_tract,large_bowel_abnormality,,observation,,
large_bowel_contusion,gastrointestinal_tract,large_bowel_abnormality,,observation,,
large_bowel_diverticulitis,gastrointestinal_tract,large_bowel_abnormality,,diagnosis,,
large_bowel_diverticulum,gastrointestinal_tract,large_bowel_abnormality,,observation,,
large_bowel_mucosal_fold_enlargement,gastrointestinal_tract,large_bowel_abnormality,,observation,,
large_bowel_extrinsic_compression,gastrointestinal_tract,large_bowel_abnormality,,observation,,
large_bowel_fistula,gastrointestinal_tract,large_bowel_abnormality,,diagnosis,,
large_bowel_fluid_distention,gastrointestinal_tract,large_bowel_caliber_abnormality,,observation,,
large_bowel_gaseous_distention,gastrointestinal_tract,large_bowel_caliber_abnormality,,observation,,
large_bowel_generalized_dilation,gastrointestinal_tract,large_bowel_caliber_abnormality,,observation,,
large_bowel_hematoma,gastrointestinal_tract,large_bowel_abnormality,,observation,,
large_bowel_hyperenhancement,gastrointestinal_tract,large_bowel_wall_abnormality,,observation,,
large_bowel_hypoenhancement,gastrointestinal_tract,large_bowel_wall_abnormality,,observation,,
large_bowel_intraluminal_lesion,gastrointestinal_tract,large_bowel_lesion,,observation,,
large_bowel_intramural_abscess,gastrointestinal_tract,large_bowel_wall_abnormality,,diagnosis,,
large_bowel_intussusception,gastrointestinal_tract,large_bowel_abnormality,,observation,,
large_bowel_kinking,gastrointestinal_tract,large_bowel_abnormality,,observation,,
large_bowel_laceration,gastrointestinal_tract,large_bowel_abnormality,,observation,,
large_bowel_lesion,gastrointestinal_tract,large_bowel_abnormality,,,,
large_bowel_lipoma,gastrointestinal_tract,large_bowel_neoplasm,,diagnosis,,
large_bowel_lymphoma,gastrointestinal_tract,large_bowel_neoplasm,large bowel lymphomatous involvement,diagnosis,,
large_bowel_mucosal_thickening,gastrointestinal_tract,large_bowel_wall_abnormality,,observation,,
large_bowel_luminal_narrowing,gastrointestinal_tract,large_bowel_caliber_abnormality,,observation,,
large_bowel_obstruction,gastrointestinal_tract,large_bowel_caliber_abnormality,,observation,,
large_bowel_perforation,gastrointestinal_tract,large_bowel_abnormality,,observation,,
large_bowel_pneumatosis,gastrointestinal_tract,bowel_pneumatosis,,observation,,
large_bowel_polyp,gastrointestinal_tract,large_bowel_lesion,,observation,,
large_bowel_segmental_dilation,gastrointestinal_tract,large_bowel_caliber_abnormality,,observation,,
large_bowel_mucosal_surface_smoothness,gastrointestinal_tract,large_bowel_abnormality,,observation,,
large_bowel_stricture,gastrointestinal_tract,large_bowel_caliber_abnormality,,observation,,
large_bowel_submucosal_edema,gastrointestinal_tract,large_bowel_wall_abnormality,,observation,,
large_bowel_transition_point,gastrointestinal_tract,large_bowel_caliber_abnormality,,observation,,
large_bowel_ulcer,gastrointestinal_tract,large_bowel_abnormality,,observation,,
large_bowel_wall_abnormality,gastrointestinal_tract,large_bowel_abnormality,,,,
large_bowel_wall_calcification,gastrointestinal_tract,large_bowel_wall_abnormality,,observation,,
large_bowel_wall_thickening,gastrointestinal_tract,large_bowel_wall_abnormality,,observation,,
desmoplastic_reaction,mesentery,mesenteric_abnormality,,observation,,
perienteric_fluid_collection,gastrointestinal_tract,small_bowel_abnormality,,observation,,
active_bleeding,vascular,vascular_abnormality,,observation,,
pericecal_fluid_collection,gastrointestinal_tract,large_bowel_abnormality,,observation,,
pericolonic_fluid_collection,gastrointestinal_tract,large_bowel_abnormality,Pericolic fluid collection,observation,,
perirectal_fluid_collection,gastrointestinal_tract,large_bowel_abnormality,fluid in the perirectal space,observation,,
perianal_fluid_collection,gastrointestinal_tract,large_bowel_abnormality,,observation,,
perianal_fat_stranding,gastrointestinal_tract,large_bowel_abnormality,,observation,,
lymphatic_abnormality,lymphatic,,,,,
lymphatic_vessel_abnormality,lymphatic,lymphatic_abnormality,,,,
lymphocele,lymphatic,lymphatic_vessel_abnormality,,diagnosis,,
intraperitoneal_seroma,peritoneum,peritoneal_cavity_abnormality,,observation,,
retroperitoneal_seroma,retroperitoneum,retroperitoneal_abnormality,,observation,,
gas_fluid_levels_within_the_large_bowel,gastrointestinal_tract,large_bowel_abnormality,,observation,,
high_attenuation_material_within_the_large_bowel,gastrointestinal_tract,large_bowel_abnormality,,observation,,
contrast_material_within_the_large_bowel,gastrointestinal_tract,large_bowel_abnormality,,observation,,
small_bowel_neoplasm,gastrointestinal_tract,small_bowel_lesion,,,,
large_bowel_neoplasm,gastrointestinal_tract,large_bowel_lesion,,,,
appendiceal_neoplasm,gastrointestinal_tract,appendiceal_lesion,,,,
small_bowel_anastomotic_leak,gastrointestinal_tract,small_bowel_postsurgical_change,,observation,,
small_bowel_anastomotic_stricture,gastrointestinal_tract,small_bowel_postsurgical_change,,observation,,
ileostomy,gastrointestinal_tract,small_bowel_postsurgical_change,,observation,,
large_bowel_anastomotic_leak,gastrointestinal_tract,large_bowel_postsurgical_change,,observation,,
large_bowel_anastomotic_stricture,gastrointestinal_tract,large_bowel_postsurgical_change,,observation,,
enteric_duplication_cyst,gastrointestinal_tract,gastrointestinal_tract_anatomic_variant,,diagnosis,,
esophageal_neoplasm,gastrointestinal_tract,esophageal_lesion,,,,
gastric_neoplasm,gastrointestinal_tract,gastric_lesion,,,,
bowel_pneumatosis,gastrointestinal_tract,bowel_abnormality,"Pneumatosis intestinalis, Intramural gas",observation,,
esophageal_squamous_cell_carcinoma,gastrointestinal_tract,esophageal_neoplasm,,diagnosis,,
esophageal_adenocarcinoma,gastrointestinal_tract,esophageal_neoplasm,,diagnosis,,
gastric_adenocarcinoma,gastrointestinal_tract,gastric_neoplasm,,diagnosis,,
gastric_gastrointestinal_stromal_tumor,gastrointestinal_tract,gastric_neoplasm,,diagnosis,,
gastric_lymphoma,gastrointestinal_tract,gastric_neoplasm,gastric lymphomatous involvement,diagnosis,,
appendicitis,gastrointestinal_tract,appendiceal_abnormality,,diagnosis,,
goblet_cell_adenocarcinoma,gastrointestinal_tract,appendiceal_neoplasm,,diagnosis,,
periappendiceal_abscess,gastrointestinal_tract,appendiceal_abnormality,,diagnosis,,
large_bowel_caliber_abnormality,gastrointestinal_tract,large_bowel_abnormality,,,,
small_bowel_caliber_abnormality,gastrointestinal_tract,small_bowel_abnormality,,,,
small_bowel_intussusception,gastrointestinal_tract,small_bowel_abnormality,,observation,,
appendiceal_caliber_abnormality,gastrointestinal_tract,appendiceal_abnormality,,,,
cystocele,urinary,bladder_abnormality,,observation,,
caliectasis,urinary,renal_abnormality,,observation,,
pelviectasis,urinary,renal_abnormality,Pyelectasis,observation,,
myometrial_cyst,female_reproductive,myometrial_abnormality,,observation,,
inner_myometrial_thickening,female_reproductive,myometrial_abnormality,,observation,,
adenomyosis,female_reproductive,uterine_abnormality,,diagnosis,,
renal_metastasis,urinary,renal_neoplasm,,diagnosis,,
splenic_hamartoma,spleen,splenic_neoplasm,,diagnosis,,
splenic_angiosarcoma,spleen,splenic_neoplasm,,diagnosis,,
splenic_lymphangioma,spleen,splenic_neoplasm,,diagnosis,,
adenomyoma,female_reproductive,adenomyosis,,diagnosis,,
splenic_lymphoma,spleen,splenic_neoplasm,lymphomatous involvement of the spleen,diagnosis,,
wandering_spleen,spleen,splenic_abnormality,,diagnosis,,
portal_vein_thrombosis,hepatobiliary,hepatic_vascular_abnormality,portal venous thrombosis,diagnosis,,OIFM_GMTS_035534
hepatic_vein_thrombosis,hepatobiliary,hepatic_vascular_abnormality,hepatic venous thrombosis,diagnosis,,
renal_cyst,urinary,renal_lesion,,observation,,
renal_cell_carcinoma,urinary,renal_neoplasm,RCC,diagnosis,,
renal_oncocytoma,urinary,renal_neoplasm,Oncocytoma,diagnosis,,
renal_pelvis_filling_defect,urinary,renal_abnormality,Filling defect in the renal pelvis,observation,,
urothelial_carcinoma_of_renal_pelvis,urinary,renal_neoplasm,Transitional cell carcinoma of the renal pelvis,diagnosis,,
hyperdense_renal_cyst,urinary,renal_cyst,Hyperattenuating renal cyst,observation,,
peripelvic_cyst,urinary,renal_cyst,,observation,,
renal_lymphoma,urinary,renal_neoplasm,,diagnosis,,
emphysematous_cystitis,urinary,cystitis,,diagnosis,,
emphysematous_pyelonephritis,urinary,pyelonephritis,,diagnosis,,
xanthogranulomatous_pyelonephritis,urinary,pyelonephritis,XGP,diagnosis,,
splenic_cyst,spleen,splenic_lesion,,observation,,
splenic_hypoattenuating_lesion,spleen,splenic_lesion,"Splenic hypodensity, Hypodense splenic lesion",observation,,
biliary_obstruction,hepatobiliary,bile_duct_abnormality,,observation,,
bile_duct_calculus,hepatobiliary,bile_duct_abnormality,,observation,,
uterine_cervix_cyst,female_reproductive,uterine_cervix_lesion,,observation,,
gallbladder_mass,hepatobiliary,gallbladder_lesion,,observation,,
pericholecystic_fluid,hepatobiliary,gallbladder_abnormality,,observation,,OIFM_GMTS_003554
duplicated_gallbladder,hepatobiliary,gallbladder_anatomic_variant,,observation,,
seminal_vesicle_lesion,male_reproductive,seminal_vesicle_abnormality,Seminal vesicle mass,,,
flow_related_artifact,artifact,artifact,,,,
streak_artifact,artifact,artifact,,observation,,
ureteral_anatomic_variant,urinary,urinary_abnormality,,,,
ureteral_injury,urinary,ureteral_abnormality,,,,
ureteral_wall_enhancement,urinary,ureteral_abnormality,,observation,,
uterine_neoplasm,female_reproductive,uterine_lesion,,,,
uterine_artery_embolization,female_reproductive,uterine_postsurgical_change,,observation,,
supracervical_hysterectomy,female_reproductive,hysterectomy,,observation,,
gallbladder_carcinoma,hepatobiliary,gallbladder_abnormality,gallbladder cancer,diagnosis,,
cirrhosis,hepatobiliary,liver_abnormality,"hepatic cirrhosis, liver cirrhosis, cirrhotic liver",diagnosis,,OIFM_GMTS_022460
endometrial_carcinoma,female_reproductive,uterine_neoplasm,,diagnosis,,
uterine_leiomyosarcoma,female_reproductive,uterine_neoplasm,,diagnosis,,
cecostomy_tube,extrinsic,support_apparatus,"cecostomy, cecostomy catheter",observation,,
pelvic_inflammatory_disease,female_reproductive,female_reproductive_abnormality,PID,diagnosis,,
retroperitoneal_neoplasm,retroperitoneum,retroperitoneal_abnormality,,,,
hepatic_attenuation_abnormality,hepatobiliary,liver_abnormality,,,,
hepatic_hematoma,hepatobiliary,liver_abnormality,,,,
hepatic_fluid_collection,hepatobiliary,liver_abnormality,,,,
ureteral_neoplasm,urinary,ureteral_lesion,,,,
endometrial_abnormality,female_reproductive,uterine_abnormality,,,,
myometrial_abnormality,female_reproductive,uterine_abnormality,,,,
hepatic_perfusion_abnormality,hepatobiliary,liver_abnormality,,,,
cortical_abnormality,osseous,osseous_abnormality,,,,
bone_neoplasm,osseous,bone_lesion,,,,
osteomyelitis,osseous,osseous_abnormality,,diagnosis,,
prostate_enlargement,male_reproductive,prostatic_abnormality,,observation,,
gallbladder_wall_enhancement_defect,hepatobiliary,gallbladder_wall_abnormality,"absent gallbladder wall enhancement, irregular gallbladder wall enhancement, interrupted mural enhancement",observation,,
intraluminal_gallbladder_membrane,hepatobiliary,gallbladder_abnormality,"sloughed mucosa, sloughed membrane, intraluminal membrane",observation,,
acute_cholangitis,hepatobiliary,cholangitis,ascending cholangitis,diagnosis,,
primary_sclerosing_cholangitis,hepatobiliary,cholangitis,PSC,diagnosis,,
recurrent_pyogenic_cholangitis,hepatobiliary,cholangitis,"Oriental cholangiohepatitis, Oriental cholangitis",diagnosis,,
emphysematous_cholecystitis,hepatobiliary,cholecystitis,,diagnosis,,OIFM_GMTS_001550
gangrenous_cholecystitis,hepatobiliary,cholecystitis,,diagnosis,,
xanthogranulomatous_cholecystitis,hepatobiliary,cholecystitis,,diagnosis,,
extravisceral_abnormality,extravisceral,,,,,
fluid_collection,extravisceral,extravisceral_abnormality,,observation,,
hematoma,extravisceral,extravisceral_abnormality,,observation,,
seroma,extravisceral,extravisceral_abnormality,,observation,,
fat_stranding,extravisceral,extravisceral_abnormality,,observation,,
abscess,extravisceral,extravisceral_abnormality,,diagnosis,,
soft_tissue_neoplasm,soft_tissue,soft_tissue_lesion,,,,
pectus_deformity,osseous,osseous_anatomic_variant,,,,
functional_asplenia,spleen,splenic_abnormality,,diagnosis,,
benign_prostatic_hyperplasia,male_reproductive,prostatic_abnormality,"BPH, benign prostatic hypertrophy, prostatic hyperplasia",diagnosis,,
sternotomy,osseous,osseous_postsurgical_change,,,,
open_reduction_internal_fixation,osseous,osseous_postsurgical_change,ORIF,,,OIFM_OIDM_938170
bone_resection,osseous,osseous_postsurgical_change,,,,
prostate_neoplasm,male_reproductive,prostatic_abnormality,,,,
testicular_neoplasm,male_reproductive,testicular_abnormality,,,,
pulmonary_resection,lung,lung_postsurgical_change,,,,
prostate_adenocarcinoma,male_reproductive,prostate_neoplasm,"prostate cancer, prostatic carcinoma, prostatic adenocarcinoma",diagnosis,,
seminoma,male_reproductive,testicular_neoplasm,,diagnosis,,
insufficiency_fracture,osseous,stress_fracture,,diagnosis,,
peritoneal_inclusion_cyst,peritoneum,peritoneal_cyst,,observation,,
passive_hepatic_congestion,hepatobiliary,hepatic_vascular_abnormality,,observation,,
hardware_complication,extrinsic,hardware,,,,
biliary_drainage_catheter,extrinsic,support_apparatus,"biliary drain, biliary catheter",observation,,
vaginal_lesion,female_reproductive,vaginal_abnormality,,,,
anteverted_uterus,female_reproductive,uterine_anatomic_variant,anteversion of the uterus,observation,,
retroverted_uterus,female_reproductive,uterine_anatomic_variant,retroversion of the uterus,observation,,
anteflexed_uterus,female_reproductive,uterine_anatomic_variant,anteflexion of the uterus,observation,,
retroflexed_uterus,female_reproductive,uterine_anatomic_variant,retroflexion of the uterus,observation,,
intrauterine_pregnancy,female_reproductive,uterine_anatomic_variant,gravid uterus,observation,,
left_sided_gallbladder,hepatobiliary,gallbladder_anatomic_variant,,observation,,
dorsal_pancreatic_agenesis,pancreas,pancreatic_anatomic_variant,agenesis of the dorsal pancreas,observation,,
heterotaxy,systemic_disease,systemic_disease,"Heterotaxy syndrome, situs ambiguus",diagnosis,,
mucinous_cystic_neoplasm,pancreas,pancreatic_neoplasm,MCN,,,
peripancreatic_gas,pancreas,pancreatic_abnormality,,observation,,
acinar_cell_carcinoma,pancreas,pancreatic_neoplasm,,diagnosis,,
emphysematous_pancreatitis,pancreas,acute_pancreatitis,,diagnosis,,
hemorrhagic_pancreatitis,pancreas,acute_pancreatitis,,diagnosis,,
splenic_granuloma,spleen,splenic_lesion,,diagnosis,,
perisplenic_fluid_collection,spleen,splenic_abnormality,"perisplenic fluid, perisplenic collection",observation,,
perisplenic_hematoma,spleen,splenic_abnormality,,observation,,
perisplenic_fat_stranding,spleen,splenic_abnormality,,observation,,
perihepatic_fluid_collection,hepatobiliary,liver_abnormality,"perihepatic fluid, perihepatic collection",observation,,
perihepatic_hematoma,hepatobiliary,liver_abnormality,,observation,,
perigastric_fluid_collection,gastrointestinal_tract,gastric_abnormality,"perigastric fluid, perigastric collection",observation,,
perigastric_hematoma,gastrointestinal_tract,gastric_abnormality,,observation,,
periureteral_fluid_collection,urinary,ureteral_abnormality,periureteral fluid,observation,,
peripancreatic_hematoma,pancreas,pancreatic_abnormality,,observation,,
decreased_hepatic_attenuation,hepatobiliary,hepatic_attenuation_abnormality,"low hepatic density, hypoattenuation of the liver, low attenuation of the liver",observation,,
linear_opacity,lung,lung_abnormality,,observation,,
adenocarcinoma_spectrum_lesion,lung,pulmonary_neoplasm,adenocarcinoma spectrum lesion,,,
atypical_adenomatous_hyperplasia,lung,adenocarcinoma_spectrum_lesion,AAH,diagnosis,,
adenocarcinoma_in_situ,lung,adenocarcinoma_spectrum_lesion,AIS,diagnosis,,
minimally_invasive_adenocarcinoma,lung,adenocarcinoma_spectrum_lesion,MIA,diagnosis,,
parapneumonic_effusion,,pleural_abnormality,,diagnosis,,
pericardial_nodule,,pericardial_lesion,,observation,,
mediastinal_nodule,,mediastinal_lesion,,observation,,
mediastinal_mass,,mediastinal_lesion,,observation,,
transcatheter_aortic_valve_replacement,,aortic_valve_replacement,"TAVR, TAVI, transcatheter aortic valve implantation, transarterial aortic valve replacement",observation,,OIFM_OIDM_852879
aortic_valve_calcification,,valvular_calcification,,observation,,
aortic_annular_calcification,,annular_calcification,,observation,,
mitral_valve_calcification,,valvular_calcification,,observation,,
pleural_neoplasm,,pleural_lesion,,,,
pleural_carcinomatosis,,pleural_metastasis,,diagnosis,,
thyroid_lesion,thyroid,thyroid_abnormality,,,,OIFM_GMTS_009272
thyroid_mass,thyroid,thyroid_lesion,,observation,,
multinodular_goiter,thyroid,thyromegaly,,observation,,
diffuse_goiter,thyroid,thyromegaly,,observation,,
total_thyroidectomy,thyroid,thyroidectomy,,observation,,
hemithyroidectomy,thyroid,thyroidectomy,hemi thyroidectomy,observation,,
radical_mastectomy,breast,mastectomy,,observation,,
modified_radical_mastectomy,breast,mastectomy,,observation,,
mammoplasty,breast,breast_postsurgical_change,,observation,,
lumpectomy,breast,breast_postsurgical_change,,observation,,
breast_reconstruction,breast,breast_postsurgical_change,,observation,,
breast_edema,breast,breast_abnormality,,observation,,
mastitis,breast,breast_abnormality,,diagnosis,,
chest_wall_invasion,soft_tissue,soft_tissue_abnormality,"chest wall invasion, chest wall involvement, muscle invasion, pectoralis muscle invasion, intercostal muscle invasion, skin invasion",observation,,
pleural_invasion,pleura,pleural_abnormality,"pleural invasion, pleural involvement, extrapleural invasion",observation,,
mediastinal_invasion,mediastinum,mediastinal_abnormality,"mediastinal invasion, mediastinal involvement",observation,,
aortic_valve_stenosis,cardiac,cardiac_abnormality,"aortic stenosis, aortic valve stenosis",observation,,
aortic_valve_leaflet_thickening,cardiac,cardiac_abnormality,"aortic valve thickening, aortic leaflet thickening",observation,,
mitral_valve_leaflet_thickening,cardiac,cardiac_abnormality,"mitral valve thickening, mitral leaflet thickening",observation,,
diaphragmatic_elevation,diaphragm,diaphragmatic_abnormality,"elevated hemidiaphragm, hemidiaphragm elevation, elevated diaphragm, diaphragmatic elevation",observation,,
soft_tissue_nodule,soft_tissue,soft_tissue_lesion,"subcutaneous nodule, cutaneous nodule, chest wall nodule",observation,,
soft_tissue_mass,soft_tissue,soft_tissue_lesion,"chest wall mass, soft tissue mass",observation,,OIFM_OIDM_299401
lung_post_radiation_change,lung,lung_abnormality,"postradiation change, post-radiation change, radiation change",observation,,
kommerell_diverticulum,vascular,aortic_arch_variant,"diverticulum of Kommerell, Kommerell diverticulum",observation,,
vascular_ring,vascular,aortic_arch_variant,vascular ring,observation,,
arterial_tortuosity,vascular,arterial_abnormality,"tortuous artery, arterial tortuosity",observation,,OIFM_GMTS_022518
gastric_pull_up,gastrointestinal_tract,esophageal_postsurgical_change,"gastric pull-up, gastric conduit, gastric interposition, gastric pull-through",observation,,
sinus_tract,soft_tissue,soft_tissue_abnormality,"sinus tract, draining sinus, cutaneous sinus tract",observation,,
soft_tissue_thickening,soft_tissue,soft_tissue_abnormality,"soft tissue thickening, bandlike soft tissue thickening",observation,,
bone_marrow_heterogeneity,osseous,bone_marrow_abnormality,"heterogeneous bone marrow, marrow heterogeneity, heterogeneous marrow",observation,,
esophageal_mucosal_hyperenhancement,gastrointestinal_tract,esophageal_abnormality,"esophageal mucosal enhancement, mucosal hyperenhancement of the esophagus",observation,,
periesophageal_fat_stranding,gastrointestinal_tract,esophageal_abnormality,"periesophageal stranding, periesophageal fat stranding",observation,,
esophagitis,gastrointestinal_tract,esophageal_abnormality,esophageal inflammation,diagnosis,,
pulmonary_invasion,lung,lung_abnormality,"lung invasion, invasion of the lung, lung involvement",observation,,
airway_invasion,airway,airway_abnormality,"airway invasion, invasion of the airway, airway involvement",observation,,
cardiac_invasion,cardiac,cardiac_abnormality,"cardiac invasion, invasion of the cardiac, cardiac involvement",observation,,
pericardial_invasion,pericardium,pericardial_abnormality,"pericardial invasion, invasion of the pericardial, pericardial involvement",observation,,
diaphragmatic_invasion,diaphragm,diaphragmatic_abnormality,"diaphragmatic invasion, invasion of the diaphragmatic, diaphragmatic involvement",observation,,
thyroid_invasion,thyroid,thyroid_abnormality,"thyroid invasion, invasion of the thyroid, thyroid involvement",observation,,
breast_invasion,breast,breast_abnormality,"breast invasion, invasion of the breast, breast involvement",observation,,
hepatic_invasion,hepatobiliary,liver_abnormality,"hepatic invasion, invasion of the hepatic, hepatic involvement",observation,,
gallbladder_invasion,hepatobiliary,gallbladder_abnormality,"gallbladder invasion, invasion of the gallbladder, gallbladder involvement",observation,,
biliary_invasion,hepatobiliary,bile_duct_abnormality,"biliary invasion, invasion of the biliary, biliary involvement",observation,,
pancreatic_invasion,pancreas,pancreatic_abnormality,"pancreatic invasion, invasion of the pancreatic, pancreatic involvement",observation,,
splenic_invasion,spleen,splenic_abnormality,"splenic invasion, invasion of the splenic, splenic involvement",observation,,
adrenal_invasion,adrenal,adrenal_abnormality,"adrenal invasion, invasion of the adrenal, adrenal involvement",observation,,
renal_invasion,urinary,renal_abnormality,"renal invasion, invasion of the renal, renal involvement",observation,,
ureteral_invasion,urinary,ureteral_abnormality,"ureteral invasion, invasion of the ureteral, ureteral involvement",observation,,
bladder_invasion,urinary,bladder_abnormality,"bladder invasion, invasion of the bladder, bladder involvement",observation,,
urethral_invasion,urinary,urethral_abnormality,"urethral invasion, invasion of the urethral, urethral involvement",observation,,
esophageal_invasion,gastrointestinal_tract,esophageal_abnormality,"esophageal invasion, invasion of the esophageal, esophageal involvement",observation,,
gastric_invasion,gastrointestinal_tract,gastric_abnormality,"gastric invasion, invasion of the gastric, gastric involvement",observation,,
small_bowel_invasion,gastrointestinal_tract,small_bowel_abnormality,,observation,,
large_bowel_invasion,gastrointestinal_tract,large_bowel_abnormality,,observation,,
appendiceal_invasion,gastrointestinal_tract,appendiceal_abnormality,"appendiceal invasion, invasion of the appendiceal, appendiceal involvement",observation,,
uterine_invasion,female_reproductive,uterine_abnormality,"uterine invasion, invasion of the uterine, uterine involvement",observation,,
cervical_invasion,female_reproductive,uterine_cervix_abnormality,"cervical invasion, invasion of the cervical, cervical involvement",observation,,
vaginal_invasion,female_reproductive,vaginal_abnormality,"vaginal invasion, invasion of the vaginal, vaginal involvement",observation,,
adnexal_invasion,female_reproductive,adnexal_abnormality,"adnexal invasion, invasion of the adnexal, adnexal involvement",observation,,
prostatic_invasion,male_reproductive,prostatic_abnormality,"prostatic invasion, invasion of the prostatic, prostatic involvement",observation,,
seminal_vesicle_invasion,male_reproductive,seminal_vesicle_abnormality,"seminal vesicle invasion, invasion of the seminal vesicle, seminal vesicle involvement",observation,,
scrotal_invasion,male_reproductive,scrotal_abnormality,"scrotal invasion, invasion of the scrotal, scrotal involvement",observation,,
testicular_invasion,male_reproductive,testicular_abnormality,"testicular invasion, invasion of the testicular, testicular involvement",observation,,
penile_invasion,male_reproductive,penile_abnormality,"penile invasion, invasion of the penile, penile involvement",observation,,
peritoneal_invasion,peritoneum,peritoneal_abnormality,"peritoneal invasion, invasion of the peritoneal, peritoneal involvement",observation,,
mesenteric_invasion,mesentery,mesenteric_abnormality,"mesenteric invasion, invasion of the mesenteric, mesenteric involvement",observation,,
omental_invasion,omentum,omental_abnormality,"omental invasion, invasion of the omental, omental involvement",observation,,
retroperitoneal_invasion,retroperitoneum,retroperitoneal_abnormality,"retroperitoneal invasion, invasion of the retroperitoneal, retroperitoneal involvement",observation,,
osseous_invasion,osseous,osseous_abnormality,"osseous invasion, invasion of the osseous, osseous involvement",observation,,
soft_tissue_invasion,soft_tissue,soft_tissue_abnormality,"soft tissue invasion, invasion of the soft tissue, soft tissue involvement",observation,,
air_bronchogram,lung,lung_abnormality,"air bronchograms, air bronchogram sign",observation,,
air_crescent,lung,lung_abnormality,"air crescent sign, air-crescent",observation,,
halo_sign,lung,lung_abnormality,"halo, CT halo sign, ground-glass halo",observation,,
reversed_halo_sign,lung,lung_abnormality,"atoll sign, reverse halo, reversed halo",observation,,
signet_ring_sign,airway,airway_abnormality,"signet ring sign, signet-ring sign",observation,,
perilobular_opacity,lung,lung_abnormality,"perilobular pattern, peripheral perilobular opacity",observation,,
subpleural_sparing,lung,lung_abnormality,subpleural sparing,observation,,
pleural_tag,pleura,pleural_abnormality,"pleural tail sign, pleural tail, pleural tag",observation,,
fissural_tethering,lung,architectural_distortion,"fissural retraction, fissural tethering",observation,,
feeding_vessel_sign,lung,lung_abnormality,"feeding vessel, feeding vessel sign",observation,,
galaxy_sign,lung,lung_abnormality,"galaxy sign, sarcoid galaxy sign",observation,,
comet_tail_sign,lung,lung_abnormality,"comet tail sign, comet-tail sign",observation,,
bowel_ischemia,gastrointestinal_tract,bowel_abnormality,"ischemic bowel, intestinal ischemia",diagnosis,,OIFM_GMTS_003578
esophageal_perforation,gastrointestinal_tract,esophageal_abnormality,perforation of the esophagus,observation,,
endoleak,vascular,arterial_abnormality,,observation,,
diaphragmatic_rupture,diaphragm,diaphragmatic_abnormality,"diaphragmatic tear, rupture of the diaphragm",observation,,
pelvic_fracture,osseous,fracture,fracture of the pelvis,observation,,
sacral_fracture,osseous,fracture,fracture of the sacrum,observation,,
coccygeal_fracture,osseous,fracture,fracture of the coccyx,observation,,
gastrointestinal_hemorrhage,gastrointestinal_tract,gastrointestinal_tract_abnormality,"GI bleed, gastrointestinal bleeding, GI bleeding",diagnosis,,
type_i_endoleak,vascular,endoleak,type 1 endoleak,observation,,
type_ii_endoleak,vascular,endoleak,type 2 endoleak,observation,,
type_iii_endoleak,vascular,endoleak,type 3 endoleak,observation,,
type_iv_endoleak,vascular,endoleak,type 4 endoleak,observation,,
type_v_endoleak,vascular,endoleak,type 5 endoleak,observation,,
ischemic_colitis,gastrointestinal_tract,bowel_ischemia,,diagnosis,,
mesenteric_ischemia,mesentery,mesenteric_abnormality,,diagnosis,,
